step,bead_id,x,y,z,vx,vy,vz,rho,C,P2,rho_hat,P2_hat,eta,target_f,g_steric,g_elec,g_disp,Fx_drag,Fy_drag,Fz_drag,Fx_body,Fy_body,Fz_body,Fx_grad,Fy_grad,Fz_grad
0,0,5.500000,0.000000,2.000000,0.104983,0.000000,-0.026824,0.000000,0.0000,0.000000,0.000000,0.000000,0.000000,0.000000,1.000000,1.000000,1.000000,0.00400000,0.00000000,0.00000000,0.00000000,0.00000000,-0.01000000,-0.00200661,-0.00000000,-0.00072968
1,0,6.049835,0.000000,1.731758,0.114533,0.000000,-0.078791,0.000000,0.0000,0.000000,0.000000,0.000000,0.000000,0.000000,1.000000,1.000000,1.000000,0.00390033,0.00000000,0.00053648,0.00000000,0.00000000,-0.01000000,-0.00207390,-0.00000000,-0.00059365
2,0,6.645330,0.000000,1.212087,0.123266,0.000000,-0.127313,0.000000,0.0000,0.000000,0.000000,0.000000,0.000000,0.000000,1.000000,1.000000,1.000000,0.00380901,0.00000000,0.00103934,0.00000000,0.00000000,-0.01000000,-0.00214228,-0.00000000,-0.00039075
3,0,7.282494,0.000000,0.458631,0.131261,0.000000,-0.172269,0.000000,0.0000,0.000000,0.000000,0.000000,0.000000,0.000000,1.000000,1.000000,1.000000,0.00372567,0.00000000,0.00150691,0.00000000,0.00000000,-0.01000000,-0.00219434,-0.00000000,-0.00013819
4,0,7.957941,0.000000,-0.510607,0.138670,0.000000,-0.213646,0.000000,0.0000,0.000000,0.000000,0.000000,0.000000,0.000000,1.000000,1.000000,1.000000,0.00364911,0.00000000,0.00193848,0.00000000,0.00000000,-0.01000000,-0.00221687,-0.00000000,0.00014224
5,0,8.669194,0.000000,-1.677828,0.145682,0.000000,-0.251541,0.000000,0.0000,0.000000,0.000000,0.000000,0.000000,0.000000,1.000000,1.000000,1.000000,0.00357749,0.00000000,0.00233444,0.00000000,0.00000000,-0.01000000,-0.00220477,-0.00000000,0.00042671
6,0,9.414765,0.000000,-3.026019,0.152483,0.000000,-0.286161,0.000000,0.0000,0.000000,0.000000,0.000000,0.000000,0.000000,1.000000,1.000000,1.000000,0.00350886,0.00000000,0.00269638,0.00000000,0.00000000,-0.01000000,-0.00216151,-0.00000000,0.00069473
7,0,10.194020,0.000000,-4.539433,0.159215,0.000000,-0.317782,0.000000,0.0000,0.000000,0.000000,0.000000,0.000000,0.000000,1.000000,1.000000,1.000000,0.00344149,0.00000000,0.00302683,0.00000000,0.00000000,-0.01000000,-0.00209597,-0.00000000,0.00093334
8,0,11.006913,0.000000,-6.203842,0.165969,0.000000,-0.346716,0.000000,0.0000,0.000000,0.000000,0.000000,0.000000,0.000000,1.000000,1.000000,1.000000,0.00337421,0.00000000,0.00332882,0.00000000,0.00000000,-0.01000000,-0.00201816,-0.00000000,0.00113750
9,0,11.853707,0.000000,-8.006594,0.172784,0.000000,-0.373267,0.000000,0.0000,0.000000,0.000000,0.000000,0.000000,0.000000,1.000000,1.000000,1.000000,0.00330641,0.00000000,0.00360550,0.00000000,0.00000000,-0.01000000,-0.00193632,-0.00000000,0.00130789
10,0,12.734753,0.000000,-9.936510,0.179664,0.000000,-0.397713,0.000000,0.0000,0.000000,0.000000,0.000000,0.000000,0.000000,1.000000,1.000000,1.000000,0.00323791,0.00000000,0.00385983,0.00000000,0.00000000,-0.01000000,-0.00185609,-0.00000000,0.00144825
11,0,13.650345,0.000000,-11.983725,0.186589,0.000000,-0.420299,0.000000,0.0000,0.000000,0.000000,0.000000,0.000000,0.000000,1.000000,1.000000,1.000000,0.00316882,0.00000000,0.00409443,0.00000000,0.00000000,-0.01000000,-0.00178070,-0.00000000,0.00156329
12,0,14.600640,0.000000,-14.139497,0.193528,0.000000,-0.441231,0.000000,0.0000,0.000000,0.000000,0.000000,0.000000,0.000000,1.000000,1.000000,1.000000,0.00309941,0.00000000,0.00431154,0.00000000,0.00000000,-0.01000000,-0.00171168,-0.00000000,0.00165762
13,0,15.585628,0.000000,-16.396039,0.200449,0.000000,-0.460688,0.000000,0.0000,0.000000,0.000000,0.000000,0.000000,0.000000,1.000000,1.000000,1.000000,0.00303002,0.00000000,0.00451309,0.00000000,0.00000000,-0.01000000,-0.00164950,-0.00000000,0.00173527
14,0,16.605129,0.000000,-18.746373,0.207318,0.000000,-0.478816,0.000000,0.0000,0.000000,0.000000,0.000000,0.000000,0.000000,1.000000,1.000000,1.000000,0.00296100,0.00000000,0.00470067,0.00000000,0.00000000,-0.01000000,-0.00159400,-0.00000000,0.00179955
15,0,17.658805,0.000000,-21.184201,0.214105,0.000000,-0.495744,0.000000,0.0000,0.000000,0.000000,0.000000,0.000000,0.000000,1.000000,1.000000,1.000000,0.00289265,0.00000000,0.00487566,0.00000000,0.00000000,-0.01000000,-0.00154473,-0.00000000,0.00185312
16,0,18.746179,0.000000,-23.703809,0.220785,0.000000,-0.511578,0.000000,0.0000,0.000000,0.000000,0.000000,0.000000,0.000000,1.000000,1.000000,1.000000,0.00282525,0.00000000,0.00503922,0.00000000,0.00000000,-0.01000000,-0.00150110,-0.00000000,0.00189809
17,0,19.866656,0.000000,-26.299985,0.227337,0.000000,-0.526414,0.000000,0.0000,0.000000,0.000000,0.000000,0.000000,0.000000,1.000000,1.000000,1.000000,0.00275905,0.00000000,0.00519235,0.00000000,0.00000000,-0.01000000,-0.00146250,-0.00000000,0.00193609
18,0,21.019547,0.000000,-28.967950,0.233743,0.000000,-0.540332,0.000000,0.0000,0.000000,0.000000,0.000000,0.000000,0.000000,1.000000,1.000000,1.000000,0.00269422,0.00000000,0.00533593,0.00000000,0.00000000,-0.01000000,-0.00142833,-0.00000000,0.00196844
19,0,22.204086,0.000000,-31.703306,0.239990,0.000000,-0.553404,0.000000,0.0000,0.000000,0.000000,0.000000,0.000000,0.000000,1.000000,1.000000,1.000000,0.00263092,0.00000000,0.00547071,0.00000000,0.00000000,-0.01000000,-0.00139805,-0.00000000,0.00199615
20,0,23.419446,0.000000,-34.501991,0.246067,0.000000,-0.565693,0.000000,0.0000,0.000000,0.000000,0.000000,0.000000,0.000000,1.000000,1.000000,1.000000,0.00256928,0.00000000,0.00559737,0.00000000,0.00000000,-0.01000000,-0.00137117,-0.00000000,0.00202004
21,0,24.664759,0.000000,-37.360240,0.251968,0.000000,-0.577257,0.000000,0.0000,0.000000,0.000000,0.000000,0.000000,0.000000,1.000000,1.000000,1.000000,0.00250937,0.00000000,0.00571650,0.00000000,0.00000000,-0.01000000,-0.00134728,-0.00000000,0.00204076
22,0,25.939124,0.000000,-40.274557,0.257686,0.000000,-0.588145,0.000000,0.0000,0.000000,0.000000,0.000000,0.000000,0.000000,1.000000,1.000000,1.000000,0.00245127,0.00000000,0.00582864,0.00000000,0.00000000,-0.01000000,-0.00132600,-0.00000000,0.00205882
23,0,27.241621,0.000000,-43.241688,0.263219,0.000000,-0.598404,0.000000,0.0000,0.000000,0.000000,0.000000,0.000000,0.000000,1.000000,1.000000,1.000000,0.00239501,0.00000000,0.00593426,0.00000000,0.00000000,-0.01000000,-0.00130700,-0.00000000,0.00207465
24,0,28.571319,0.000000,-46.258597,0.268566,0.000000,-0.608076,0.000000,0.0000,0.000000,0.000000,0.000000,0.000000,0.000000,1.000000,1.000000,1.000000,0.00234061,0.00000000,0.00603382,0.00000000,0.00000000,-0.01000000,-0.00129000,-0.00000000,0.00208858
25,0,29.927281,0.000000,-49.322445,0.273726,0.000000,-0.617198,0.000000,0.0000,0.000000,0.000000,0.000000,0.000000,0.000000,1.000000,1.000000,1.000000,0.00228808,0.00000000,0.00612770,0.00000000,0.00000000,-0.01000000,-0.00127476,-0.00000000,0.00210091
26,0,31.308576,0.000000,-52.430579,0.278700,0.000000,-0.625806,0.000000,0.0000,0.000000,0.000000,0.000000,0.000000,0.000000,1.000000,1.000000,1.000000,0.00223741,0.00000000,0.00621627,0.00000000,0.00000000,-0.01000000,-0.00126108,-0.00000000,0.00211185
27,0,32.714280,0.000000,-55.580509,0.283490,0.000000,-0.633932,0.000000,0.0000,0.000000,0.000000,0.000000,0.000000,0.000000,1.000000,1.000000,1.000000,0.00218859,0.00000000,0.00629986,0.00000000,0.00000000,-0.01000000,-0.00124876,-0.00000000,0.00212160
28,0,34.143479,0.000000,-58.769903,0.288100,0.000000,-0.641606,0.000000,0.0000,0.000000,0.000000,0.000000,0.000000,0.000000,1.000000,1.000000,1.000000,0.00214160,0.00000000,0.00637879,0.00000000,0.00000000,-0.01000000,-0.00123765,-0.00000000,0.00213033
29,0,35.595277,0.000000,-61.996569,0.292532,0.000000,-0.648854,0.000000,0.0000,0.000000,0.000000,0.000000,0.000000,0.000000,1.000000,1.000000,1.000000,0.00209640,0.00000000,0.00645333,0.00000000,0.00000000,-0.01000000,-0.00122762,-0.00000000,0.00213815
30,0,37.068795,0.000000,-65.258447,0.296790,0.000000,-0.655703,0.000000,0.0000,0.000000,0.000000,0.000000,0.000000,0.000000,1.000000,1.000000,1.000000,0.00205296,0.00000000,0.00652376,0.00000000,0.00000000,-0.01000000,-0.00121854,-0.00000000,0.00214520
31,0,38.563173,0.000000,-68.553602,0.300878,0.000000,-0.662176,0.000000,0.0000,0.000000,0.000000,0.000000,0.000000,0.000000,1.000000,1.000000,1.000000,0.00201124,0.00000000,0.00659031,0.00000000,0.00000000,-0.01000000,-0.00121031,-0.00000000,0.00215156
32,0,40.077575,0.000000,-71.880210,0.304801,0.000000,-0.668295,0.000000,0.0000,0.000000,0.000000,0.000000,0.000000,0.000000,1.000000,1.000000,1.000000,0.00197120,0.00000000,0.00665322,0.00000000,0.00000000,-0.01000000,-0.00120284,-0.00000000,0.00215732
33,0,41.611185,0.000000,-75.236555,0.308564,0.000000,-0.674081,0.000000,0.0000,0.000000,0.000000,0.000000,0.000000,0.000000,1.000000,1.000000,1.000000,0.00193278,0.00000000,0.00671269,0.00000000,0.00000000,-0.01000000,-0.00119604,-0.00000000,0.00216254
34,0,43.163215,0.000000,-78.621019,0.312171,0.000000,-0.679552,0.000000,0.0000,0.000000,0.000000,0.000000,0.000000,0.000000,1.000000,1.000000,1.000000,0.00189594,0.00000000,0.00676893,0.00000000,0.00000000,-0.01000000,-0.00118985,-0.00000000,0.00216730
35,0,44.732896,0.000000,-82.032077,0.315627,0.000000,-0.684727,0.000000,0.0000,0.000000,0.000000,0.000000,0.000000,0.000000,1.000000,1.000000,1.000000,0.00186064,0.00000000,0.00682212,0.00000000,0.00000000,-0.01000000,-0.00118421,-0.00000000,0.00217163
36,0,46.319488,0.000000,-85.468292,0.318938,0.000000,-0.689623,0.000000,0.0000,0.000000,0.000000,0.000000,0.000000,0.000000,1.000000,1.000000,1.000000,0.00182682,0.00000000,0.00687243,0.00000000,0.00000000,-0.01000000,-0.00117906,-0.00000000,0.00217559
37,0,47.922274,0.000000,-88.928306,0.322107,0.000000,-0.694255,0.000000,0.0000,0.000000,0.000000,0.000000,0.000000,0.000000,1.000000,1.000000,1.000000,0.00179443,0.00000000,0.00692003,0.00000000,0.00000000,-0.01000000,-0.00117435,-0.00000000,0.00217921
38,0,49.540562,0.000000,-92.410839,0.325141,0.000000,-0.698638,0.000000,0.0000,0.000000,0.000000,0.000000,0.000000,0.000000,1.000000,1.000000,1.000000,0.00176342,0.00000000,0.00696507,0.00000000,0.00000000,-0.01000000,-0.00117004,-0.00000000,0.00218254
39,0,51.173684,0.000000,-95.914682,0.328044,0.000000,-0.702785,0.000000,0.0000,0.000000,0.000000,0.000000,0.000000,0.000000,1.000000,1.000000,1.000000,0.00173375,0.00000000,0.00700769,0.00000000,0.00000000,-0.01000000,-0.00116609,-0.00000000,0.00218559
40,0,52.820998,0.000000,-99.438693,0.330820,0.000000,-0.706711,0.000000,0.0000,0.000000,0.000000,0.000000,0.000000,0.000000,1.000000,1.000000,1.000000,0.00170537,0.00000000,0.00704802,0.00000000,0.00000000,-0.01000000,-0.00116246,-0.00000000,0.00218841
41,0,54.481885,0.000000,-102.981793,0.333475,0.000000,-0.710427,0.000000,0.0000,0.000000,0.000000,0.000000,0.000000,0.000000,1.000000,1.000000,1.000000,0.00167823,0.00000000,0.00708620,0.00000000,0.00000000,-0.01000000,-0.00115914,-0.00000000,0.00219100
42,0,56.155749,0.000000,-106.542964,0.336013,0.000000,-0.713945,0.000000,0.0000,0.000000,0.000000,0.000000,0.000000,0.000000,1.000000,1.000000,1.000000,0.00165227,0.00000000,0.00712234,0.00000000,0.00000000,-0.01000000,-0.00115608,-0.00000000,0.00219339
43,0,57.842018,0.000000,-110.121240,0.338439,0.000000,-0.717275,0.000000,0.0000,0.000000,0.000000,0.000000,0.000000,0.000000,1.000000,1.000000,1.000000,0.00162746,0.00000000,0.00715655,0.00000000,0.00000000,-0.01000000,-0.00115326,-0.00000000,0.00219561
44,0,59.540142,0.000000,-113.715713,0.340758,0.000000,-0.720428,0.000000,0.0000,0.000000,0.000000,0.000000,0.000000,0.000000,1.000000,1.000000,1.000000,0.00160375,0.00000000,0.00718895,0.00000000,0.00000000,-0.01000000,-0.00115067,-0.00000000,0.00219766
45,0,61.249594,0.000000,-117.325521,0.342972,0.000000,-0.723414,0.000000,0.0000,0.000000,0.000000,0.000000,0.000000,0.000000,1.000000,1.000000,1.000000,0.00158110,0.00000000,0.00721962,0.00000000,0.00000000,-0.01000000,-0.00114828,-0.00000000,0.00219956
46,0,62.969865,0.000000,-120.949849,0.345088,0.000000,-0.726241,0.000000,0.0000,0.000000,0.000000,0.000000,0.000000,0.000000,1.000000,1.000000,1.000000,0.00155946,0.00000000,0.00724866,0.00000000,0.00000000,-0.01000000,-0.00114607,-0.00000000,0.00220133
47,0,64.700472,0.000000,-124.587927,0.347108,0.000000,-0.728918,0.000000,0.0000,0.000000,0.000000,0.000000,0.000000,0.000000,1.000000,1.000000,1.000000,0.00153879,0.00000000,0.00727616,0.00000000,0.00000000,-0.01000000,-0.00114404,-0.00000000,0.00220297
48,0,66.440947,0.000000,-128.239028,0.349037,0.000000,-0.731453,0.000000,0.0000,0.000000,0.000000,0.000000,0.000000,0.000000,1.000000,1.000000,1.000000,0.00151905,0.00000000,0.00730220,0.00000000,0.00000000,-0.01000000,-0.00114216,-0.00000000,0.00220450
49,0,68.190844,0.000000,-131.902461,0.350879,0.000000,-0.733855,0.000000,0.0000,0.000000,0.000000,0.000000,0.000000,0.000000,1.000000,1.000000,1.000000,0.00150021,0.00000000,0.00732687,0.00000000,0.00000000,-0.01000000,-0.00114042,-0.00000000,0.00220593
50,0,69.949736,0.000000,-135.577574,0.352637,0.000000,-0.736129,0.000000,0.0000,0.000000,0.000000,0.000000,0.000000,0.000000,1.000000,1.000000,1.000000,0.00148222,0.00000000,0.00735023,0.00000000,0.00000000,-0.01000000,-0.00113881,-0.00000000,0.00220726
51,0,71.717214,0.000000,-139.263750,0.354315,0.000000,-0.738283,0.000000,0.0000,0.000000,0.000000,0.000000,0.000000,0.000000,1.000000,1.000000,1.000000,0.00146505,0.00000000,0.00737235,0.00000000,0.00000000,-0.01000000,-0.00113732,-0.00000000,0.00220850
52,0,73.492884,0.000000,-142.960405,0.355916,0.000000,-0.740324,0.000000,0.0000,0.000000,0.000000,0.000000,0.000000,0.000000,1.000000,1.000000,1.000000,0.00144866,0.00000000,0.00739331,0.00000000,0.00000000,-0.01000000,-0.00113594,-0.00000000,0.00220966
53,0,75.276372,0.000000,-146.666985,0.357444,0.000000,-0.742256,0.000000,0.0000,0.000000,0.000000,0.000000,0.000000,0.000000,1.000000,1.000000,1.000000,0.00143302,0.00000000,0.00741316,0.00000000,0.00000000,-0.01000000,-0.00113466,-0.00000000,0.00221075
54,0,77.067320,0.000000,-150.382968,0.358901,0.000000,-0.744087,0.000000,0.0000,0.000000,0.000000,0.000000,0.000000,0.000000,1.000000,1.000000,1.000000,0.00141811,0.00000000,0.00743197,0.00000000,0.00000000,-0.01000000,-0.00113347,-0.00000000,0.00221177
55,0,78.865383,0.000000,-154.107857,0.360291,0.000000,-0.745822,0.000000,0.0000,0.000000,0.000000,0.000000,0.000000,0.000000,1.000000,1.000000,1.000000,0.00140387,0.00000000,0.00744978,0.00000000,0.00000000,-0.01000000,-0.00113237,-0.00000000,0.00221272
56,0,80.670234,0.000000,-157.841184,0.361618,0.000000,-0.747465,0.000000,0.0000,0.000000,0.000000,0.000000,0.000000,0.000000,1.000000,1.000000,1.000000,0.00139030,0.00000000,0.00746665,0.00000000,0.00000000,-0.01000000,-0.00113135,-0.00000000,0.00221362
57,0,82.481559,0.000000,-161.582504,0.362882,0.000000,-0.749021,0.000000,0.0000,0.000000,0.000000,0.000000,0.000000,0.000000,1.000000,1.000000,1.000000,0.00137735,0.00000000,0.00748264,0.00000000,0.00000000,-0.01000000,-0.00113040,-0.00000000,0.00221447
58,0,84.299057,0.000000,-165.331397,0.364088,0.000000,-0.750496,0.000000,0.0000,0.000000,0.000000,0.000000,0.000000,0.000000,1.000000,1.000000,1.000000,0.00136500,0.00000000,0.00749778,0.00000000,0.00000000,-0.01000000,-0.00112952,-0.00000000,0.00221526
59,0,86.122442,0.000000,-169.087463,0.365238,0.000000,-0.751893,0.000000,0.0000,0.000000,0.000000,0.000000,0.000000,0.000000,1.000000,1.000000,1.000000,0.00135323,0.00000000,0.00751213,0.00000000,0.00000000,-0.01000000,-0.00112869,-0.00000000,0.00221601
60,0,87.951441,0.000000,-172.850325,0.366335,0.000000,-0.753216,0.000000,0.0000,0.000000,0.000000,0.000000,0.000000,0.000000,1.000000,1.000000,1.000000,0.00134200,0.00000000,0.00752573,0.00000000,0.00000000,-0.01000000,-0.00112793,-0.00000000,0.00221671
61,0,89.785792,0.000000,-176.619627,0.367380,0.000000,-0.754470,0.000000,0.0000,0.000000,0.000000,0.000000,0.000000,0.000000,1.000000,1.000000,1.000000,0.00133130,0.00000000,0.00753860,0.00000000,0.00000000,-0.01000000,-0.00112722,-0.00000000,0.00221738
62,0,91.625245,0.000000,-180.395029,0.368377,0.000000,-0.755658,0.000000,0.0000,0.000000,0.000000,0.000000,0.000000,0.000000,1.000000,1.000000,1.000000,0.00132109,0.00000000,0.00755080,0.00000000,0.00000000,-0.01000000,-0.00112656,-0.00000000,0.00221800
63,0,93.469561,0.000000,-184.176211,0.369327,0.000000,-0.756784,0.000000,0.0000,0.000000,0.000000,0.000000,0.000000,0.000000,1.000000,1.000000,1.000000,0.00131137,0.00000000,0.00756236,0.00000000,0.00000000,-0.01000000,-0.00112594,-0.00000000,0.00221860
64,0,95.318513,0.000000,-187.962869,0.370232,0.000000,-0.757850,0.000000,0.0000,0.000000,0.000000,0.000000,0.000000,0.000000,1.000000,1.000000,1.000000,0.00130210,0.00000000,0.00757332,0.00000000,0.00000000,-0.01000000,-0.00112536,-0.00000000,0.00221916
65,0,97.171883,0.000000,-191.754715,0.371095,0.000000,-0.758861,0.000000,0.0000,0.000000,0.000000,0.000000,0.000000,0.000000,1.000000,1.000000,1.000000,0.00129326,0.00000000,0.00758369,0.00000000,0.00000000,-0.01000000,-0.00112483,-0.00000000,0.00221969
66,0,99.029464,0.000000,-195.551477,0.371917,0.000000,-0.759818,0.000000,0.0000,0.000000,0.000000,0.000000,0.000000,0.000000,1.000000,1.000000,1.000000,0.00128484,0.00000000,0.00759352,0.00000000,0.00000000,-0.01000000,-0.00112433,-0.00000000,0.00222019
67,0,100.891058,0.000000,-199.352896,0.372701,0.000000,-0.760725,0.000000,0.0000,0.000000,0.000000,0.000000,0.000000,0.000000,1.000000,1.000000,1.000000,0.00127681,0.00000000,0.00760284,0.00000000,0.00000000,-0.01000000,-0.00112386,-0.00000000,0.00222067
68,0,102.756475,0.000000,-203.158727,0.373448,0.000000,-0.761584,0.000000,0.0000,0.000000,0.000000,0.000000,0.000000,0.000000,1.000000,1.000000,1.000000,0.00126917,0.00000000,0.00761166,0.00000000,0.00000000,-0.01000000,-0.00112343,-0.00000000,0.00222112
69,0,104.625536,0.000000,-206.968738,0.374159,0.000000,-0.762398,0.000000,0.0000,0.000000,0.000000,0.000000,0.000000,0.000000,1.000000,1.000000,1.000000,0.00126188,0.00000000,0.00762002,0.00000000,0.00000000,-0.01000000,-0.00112302,-0.00000000,0.00222155
70,0,106.498068,0.000000,-210.782711,0.374837,0.000000,-0.763170,0.000000,0.0000,0.000000,0.000000,0.000000,0.000000,0.000000,1.000000,1.000000,1.000000,0.00125494,0.00000000,0.00762794,0.00000000,0.00000000,-0.01000000,-0.00112264,-0.00000000,0.00222195
71,0,108.373908,0.000000,-214.600436,0.375483,0.000000,-0.763901,0.000000,0.0000,0.000000,0.000000,0.000000,0.000000,0.000000,1.000000,1.000000,1.000000,0.00124832,0.00000000,0.00763545,0.00000000,0.00000000,-0.01000000,-0.00112229,-0.00000000,0.00222234
72,0,110.252898,0.000000,-218.421716,0.376098,0.000000,-0.764593,0.000000,0.0000,0.000000,0.000000,0.000000,0.000000,0.000000,1.000000,1.000000,1.000000,0.00124202,0.00000000,0.00764256,0.00000000,0.00000000,-0.01000000,-0.00112196,-0.00000000,0.00222271
73,0,112.134890,0.000000,-222.246364,0.376684,0.000000,-0.765249,0.000000,0.0000,0.000000,0.000000,0.000000,0.000000,0.000000,1.000000,1.000000,1.000000,0.00123602,0.00000000,0.00764930,0.00000000,0.00000000,-0.01000000,-0.00112165,-0.00000000,0.00222306
74,0,114.019741,0.000000,-226.074204,0.377243,0.000000,-0.765870,0.000000,0.0000,0.000000,0.000000,0.000000,0.000000,0.000000,1.000000,1.000000,1.000000,0.00123030,0.00000000,0.00765568,0.00000000,0.00000000,-0.01000000,-0.00112136,-0.00000000,0.00222339
75,0,115.907315,0.000000,-229.905067,0.377774,0.000000,-0.766459,0.000000,0.0000,0.000000,0.000000,0.000000,0.000000,0.000000,1.000000,1.000000,1.000000,0.00122485,0.00000000,0.00766173,0.00000000,0.00000000,-0.01000000,-0.00112109,-0.00000000,0.00222371
76,0,117.797484,0.000000,-233.738794,0.378281,0.000000,-0.767017,0.000000,0.0000,0.000000,0.000000,0.000000,0.000000,0.000000,1.000000,1.000000,1.000000,0.00121966,0.00000000,0.00766745,0.00000000,0.00000000,-0.01000000,-0.00112084,-0.00000000,0.00222401
77,0,119.690123,0.000000,-237.575234,0.378763,0.000000,-0.767545,0.000000,0.0000,0.000000,0.000000,0.000000,0.000000,0.000000,1.000000,1.000000,1.000000,0.00121472,0.00000000,0.00767288,0.00000000,0.00000000,-0.01000000,-0.00112060,-0.00000000,0.00222430
78,0,121.585115,0.000000,-241.414244,0.379223,0.000000,-0.768046,0.000000,0.0000,0.000000,0.000000,0.000000,0.000000,0.000000,1.000000,1.000000,1.000000,0.00121002,0.00000000,0.00767802,0.00000000,0.00000000,-0.01000000,-0.00112038,-0.00000000,0.00222458
79,0,123.482348,0.000000,-245.255690,0.379660,0.000000,-0.768520,0.000000,0.0000,0.000000,0.000000,0.000000,0.000000,0.000000,1.000000,1.000000,1.000000,0.00120553,0.00000000,0.00768289,0.00000000,0.00000000,-0.01000000,-0.00112017,-0.00000000,0.00222484
80,0,125.381715,0.000000,-249.099442,0.380077,0.000000,-0.768969,0.000000,0.0000,0.000000,0.000000,0.000000,0.000000,0.000000,1.000000,1.000000,1.000000,0.00120127,0.00000000,0.00768750,0.00000000,0.00000000,-0.01000000,-0.00111998,-0.00000000,0.00222510
81,0,127.283114,0.000000,-252.945379,0.380473,0.000000,-0.769394,0.000000,0.0000,0.000000,0.000000,0.000000,0.000000,0.000000,1.000000,1.000000,1.000000,0.00119720,0.00000000,0.00769187,0.00000000,0.00000000,-0.01000000,-0.00111980,-0.00000000,0.00222534
82,0,129.186448,0.000000,-256.793386,0.380851,0.000000,-0.769797,0.000000,0.0000,0.000000,0.000000,0.000000,0.000000,0.000000,1.000000,1.000000,1.000000,0.00119333,0.00000000,0.00769601,0.00000000,0.00000000,-0.01000000,-0.00111963,-0.00000000,0.00222557
83,0,131.091625,0.000000,-260.643353,0.381211,0.000000,-0.770179,0.000000,0.0000,0.000000,0.000000,0.000000,0.000000,0.000000,1.000000,1.000000,1.000000,0.00118965,0.00000000,0.00769993,0.00000000,0.00000000,-0.01000000,-0.00111947,-0.00000000,0.00222579
84,0,132.998556,0.000000,-264.495177,0.381553,0.000000,-0.770541,0.000000,0.0000,0.000000,0.000000,0.000000,0.000000,0.000000,1.000000,1.000000,1.000000,0.00118614,0.00000000,0.00770365,0.00000000,0.00000000,-0.01000000,-0.00111932,-0.00000000,0.00222601
85,0,134.907158,0.000000,-268.348760,0.381879,0.000000,-0.770883,0.000000,0.0000,0.000000,0.000000,0.000000,0.000000,0.000000,1.000000,1.000000,1.000000,0.00118280,0.00000000,0.00770717,0.00000000,0.00000000,-0.01000000,-0.00111918,-0.00000000,0.00222621
86,0,136.817349,0.000000,-272.204008,0.382190,0.000000,-0.771207,0.000000,0.0000,0.000000,0.000000,0.000000,0.000000,0.000000,1.000000,1.000000,1.000000,0.00117962,0.00000000,0.00771050,0.00000000,0.00000000,-0.01000000,-0.00111905,-0.00000000,0.00222641
87,0,138.729055,0.000000,-276.060833,0.382485,0.000000,-0.771514,0.000000,0.0000,0.000000,0.000000,0.000000,0.000000,0.000000,1.000000,1.000000,1.000000,0.00117659,0.00000000,0.00771365,0.00000000,0.00000000,-0.01000000,-0.00111893,-0.00000000,0.00222660
88,0,140.642202,0.000000,-279.919153,0.382767,0.000000,-0.771805,0.000000,0.0000,0.000000,0.000000,0.000000,0.000000,0.000000,1.000000,1.000000,1.000000,0.00117371,0.00000000,0.00771664,0.00000000,0.00000000,-0.01000000,-0.00111882,-0.00000000,0.00222678
89,0,142.556722,0.000000,-283.778887,0.383034,0.000000,-0.772081,0.000000,0.0000,0.000000,0.000000,0.000000,0.000000,0.000000,1.000000,1.000000,1.000000,0.00117096,0.00000000,0.00771947,0.00000000,0.00000000,-0.01000000,-0.00111871,-0.00000000,0.00222695
90,0,144.472547,0.000000,-287.639960,0.383289,0.000000,-0.772342,0.000000,0.0000,0.000000,0.000000,0.000000,0.000000,0.000000,1.000000,1.000000,1.000000,0.00116835,0.00000000,0.00772215,0.00000000,0.00000000,-0.01000000,-0.00111861,-0.00000000,0.00222712
91,0,146.389616,0.000000,-291.502302,0.383532,0.000000,-0.772588,0.000000,0.0000,0.000000,0.000000,0.000000,0.000000,0.000000,1.000000,1.000000,1.000000,0.00116586,0.00000000,0.00772468,0.00000000,0.00000000,-0.01000000,-0.00111852,-0.00000000,0.00222728
92,0,148.307869,0.000000,-295.365845,0.383763,0.000000,-0.772822,0.000000,0.0000,0.000000,0.000000,0.000000,0.000000,0.000000,1.000000,1.000000,1.000000,0.00116349,0.00000000,0.00772709,0.00000000,0.00000000,-0.01000000,-0.00111843,-0.00000000,0.00222743
93,0,150.227248,0.000000,-299.230525,0.383983,0.000000,-0.773044,0.000000,0.0000,0.000000,0.000000,0.000000,0.000000,0.000000,1.000000,1.000000,1.000000,0.00116124,0.00000000,0.00772936,0.00000000,0.00000000,-0.01000000,-0.00111835,-0.00000000,0.00222758
94,0,152.147700,0.000000,-303.096281,0.384192,0.000000,-0.773253,0.000000,0.0000,0.000000,0.000000,0.000000,0.000000,0.000000,1.000000,1.000000,1.000000,0.00115910,0.00000000,0.00773151,0.00000000,0.00000000,-0.01000000,-0.00111827,-0.00000000,0.00222773
95,0,154.069172,0.000000,-306.963057,0.384392,0.000000,-0.773452,0.000000,0.0000,0.000000,0.000000,0.000000,0.000000,0.000000,1.000000,1.000000,1.000000,0.00115706,0.00000000,0.00773355,0.00000000,0.00000000,-0.01000000,-0.00111820,-0.00000000,0.00222787
96,0,155.991616,0.000000,-310.830796,0.384581,0.000000,-0.773639,0.000000,0.0000,0.000000,0.000000,0.000000,0.000000,0.000000,1.000000,1.000000,1.000000,0.00115511,0.00000000,0.00773548,0.00000000,0.00000000,-0.01000000,-0.00111813,-0.00000000,0.00222800
97,0,157.914984,0.000000,-314.699449,0.384762,0.000000,-0.773817,0.000000,0.0000,0.000000,0.000000,0.000000,0.000000,0.000000,1.000000,1.000000,1.000000,0.00115326,0.00000000,0.00773731,0.00000000,0.00000000,-0.01000000,-0.00111807,-0.00000000,0.00222813
98,0,159.839232,0.000000,-318.568966,0.384933,0.000000,-0.773985,0.000000,0.0000,0.000000,0.000000,0.000000,0.000000,0.000000,1.000000,1.000000,1.000000,0.00115150,0.00000000,0.00773903,0.00000000,0.00000000,-0.01000000,-0.00111801,-0.00000000,0.00222826
99,0,161.764318,0.000000,-322.439300,0.385097,0.000000,-0.774144,0.000000,0.0000,0.000000,0.000000,0.000000,0.000000,0.000000,1.000000,1.000000,1.000000,0.00114983,0.00000000,0.00774067,0.00000000,0.00000000,-0.01000000,-0.00111795,-0.00000000,0.00222838
100,0,163.690200,0.000000,-326.310409,0.385252,0.000000,-0.774295,0.000000,0.0000,0.000000,0.000000,0.000000,0.000000,0.000000,1.000000,1.000000,1.000000,0.00114824,0.00000000,0.00774222,0.00000000,0.00000000,-0.01000000,-0.00111790,-0.00000000,0.00222850
101,0,165.616841,0.000000,-330.182249,0.385400,0.000000,-0.774437,0.000000,0.0000,0.000000,0.000000,0.000000,0.000000,0.000000,1.000000,1.000000,1.000000,0.00114672,0.00000000,0.00774368,0.00000000,0.00000000,-0.01000000,-0.00111785,-0.00000000,0.00222861
102,0,167.544203,0.000000,-334.054782,0.385541,0.000000,-0.774572,0.000000,0.0000,0.000000,0.000000,0.000000,0.000000,0.000000,1.000000,1.000000,1.000000,0.00114528,0.00000000,0.00774507,0.00000000,0.00000000,-0.01000000,-0.00111781,-0.00000000,0.00222872
103,0,169.472252,0.000000,-337.927971,0.385675,0.000000,-0.774700,0.000000,0.0000,0.000000,0.000000,0.000000,0.000000,0.000000,1.000000,1.000000,1.000000,0.00114390,0.00000000,0.00774638,0.00000000,0.00000000,-0.01000000,-0.00111777,-0.00000000,0.00222883
104,0,171.400954,0.000000,-341.801779,0.385803,0.000000,-0.774820,0.000000,0.0000,0.000000,0.000000,0.000000,0.000000,0.000000,1.000000,1.000000,1.000000,0.00114260,0.00000000,0.00774762,0.00000000,0.00000000,-0.01000000,-0.00111773,-0.00000000,0.00222893
105,0,173.330278,0.000000,-345.676174,0.385924,0.000000,-0.774934,0.000000,0.0000,0.000000,0.000000,0.000000,0.000000,0.000000,1.000000,1.000000,1.000000,0.00114135,0.00000000,0.00774879,0.00000000,0.00000000,-0.01000000,-0.00111769,-0.00000000,0.00222903
106,0,175.260194,0.000000,-349.551124,0.386039,0.000000,-0.775042,0.000000,0.0000,0.000000,0.000000,0.000000,0.000000,0.000000,1.000000,1.000000,1.000000,0.00114017,0.00000000,0.00774990,0.00000000,0.00000000,-0.01000000,-0.00111765,-0.00000000,0.00222913
107,0,177.190673,0.000000,-353.426597,0.386149,0.000000,-0.775144,0.000000,0.0000,0.000000,0.000000,0.000000,0.000000,0.000000,1.000000,1.000000,1.000000,0.00113904,0.00000000,0.00775095,0.00000000,0.00000000,-0.01000000,-0.00111762,-0.00000000,0.00222922
108,0,179.121687,0.000000,-357.302567,0.386254,0.000000,-0.775241,0.000000,0.0000,0.000000,0.000000,0.000000,0.000000,0.000000,1.000000,1.000000,1.000000,0.00113797,0.00000000,0.00775194,0.00000000,0.00000000,-0.01000000,-0.00111759,-0.00000000,0.00222931
109,0,181.053210,0.000000,-361.179005,0.386353,0.000000,-0.775332,0.000000,0.0000,0.000000,0.000000,0.000000,0.000000,0.000000,1.000000,1.000000,1.000000,0.00113695,0.00000000,0.00775288,0.00000000,0.00000000,-0.01000000,-0.00111756,-0.00000000,0.00222940
110,0,182.985219,0.000000,-365.055886,0.386448,0.000000,-0.775418,0.000000,0.0000,0.000000,0.000000,0.000000,0.000000,0.000000,1.000000,1.000000,1.000000,0.00113598,0.00000000,0.00775376,0.00000000,0.00000000,-0.01000000,-0.00111754,-0.00000000,0.00222949
111,0,184.917688,0.000000,-368.933186,0.386538,0.000000,-0.775500,0.000000,0.0000,0.000000,0.000000,0.000000,0.000000,0.000000,1.000000,1.000000,1.000000,0.00113506,0.00000000,0.00775460,0.00000000,0.00000000,-0.01000000,-0.00111751,-0.00000000,0.00222957
112,0,186.850597,0.000000,-372.810882,0.386623,0.000000,-0.775577,0.000000,0.0000,0.000000,0.000000,0.000000,0.000000,0.000000,1.000000,1.000000,1.000000,0.00113418,0.00000000,0.00775539,0.00000000,0.00000000,-0.01000000,-0.00111749,-0.00000000,0.00222965
113,0,188.783922,0.000000,-376.688952,0.386705,0.000000,-0.775649,0.000000,0.0000,0.000000,0.000000,0.000000,0.000000,0.000000,1.000000,1.000000,1.000000,0.00113335,0.00000000,0.00775614,0.00000000,0.00000000,-0.01000000,-0.00111747,-0.00000000,0.00222973
114,0,190.717645,0.000000,-380.567375,0.386782,0.000000,-0.775718,0.000000,0.0000,0.000000,0.000000,0.000000,0.000000,0.000000,1.000000,1.000000,1.000000,0.00113255,0.00000000,0.00775685,0.00000000,0.00000000,-0.01000000,-0.00111745,-0.00000000,0.00222981
115,0,192.651745,0.000000,-384.446131,0.386856,0.000000,-0.775783,0.000000,0.0000,0.000000,0.000000,0.000000,0.000000,0.000000,1.000000,1.000000,1.000000,0.00113180,0.00000000,0.00775751,0.00000000,0.00000000,-0.01000000,-0.00111743,-0.00000000,0.00222988
116,0,194.586205,0.000000,-388.325203,0.386926,0.000000,-0.775844,0.000000,0.0000,0.000000,0.000000,0.000000,0.000000,0.000000,1.000000,1.000000,1.000000,0.00113108,0.00000000,0.00775814,0.00000000,0.00000000,-0.01000000,-0.00111741,-0.00000000,0.00222996
117,0,196.521006,0.000000,-392.204572,0.386993,0.000000,-0.775902,0.000000,0.0000,0.000000,0.000000,0.000000,0.000000,0.000000,1.000000,1.000000,1.000000,0.00113040,0.00000000,0.00775874,0.00000000,0.00000000,-0.01000000,-0.00111740,-0.00000000,0.00223003
118,0,198.456133,0.000000,-396.084222,0.387056,0.000000,-0.775956,0.000000,0.0000,0.000000,0.000000,0.000000,0.000000,0.000000,1.000000,1.000000,1.000000,0.00112975,0.00000000,0.00775930,0.00000000,0.00000000,-0.01000000,-0.00111738,-0.00000000,0.00223010
119,0,200.391568,0.000000,-399.964137,0.387117,0.000000,-0.776008,0.000000,0.0000,0.000000,0.000000,0.000000,0.000000,0.000000,1.000000,1.000000,1.000000,0.00112913,0.00000000,0.00775983,0.00000000,0.00000000,-0.01000000,-0.00111737,-0.00000000,0.00223017
120,0,202.327298,0.000000,-403.844302,0.387174,0.000000,-0.776057,0.000000,0.0000,0.000000,0.000000,0.000000,0.000000,0.000000,1.000000,1.000000,1.000000,0.00112854,0.00000000,0.00776033,0.00000000,0.00000000,-0.01000000,-0.00111735,-0.00000000,0.00223023
121,0,204.263307,0.000000,-407.724703,0.387228,0.000000,-0.776102,0.000000,0.0000,0.000000,0.000000,0.000000,0.000000,0.000000,1.000000,1.000000,1.000000,0.00112798,0.00000000,0.00776080,0.00000000,0.00000000,-0.01000000,-0.00111734,-0.00000000,0.00223030
122,0,206.199583,0.000000,-411.605326,0.387280,0.000000,-0.776146,0.000000,0.0000,0.000000,0.000000,0.000000,0.000000,0.000000,1.000000,1.000000,1.000000,0.00112745,0.00000000,0.00776125,0.00000000,0.00000000,-0.01000000,-0.00111733,-0.00000000,0.00223036
123,0,208.136111,0.000000,-415.486159,0.387330,0.000000,-0.776186,0.000000,0.0000,0.000000,0.000000,0.000000,0.000000,0.000000,1.000000,1.000000,1.000000,0.00112694,0.00000000,0.00776167,0.00000000,0.00000000,-0.01000000,-0.00111732,-0.00000000,0.00223042
124,0,210.072880,0.000000,-419.367190,0.387377,0.000000,-0.776225,0.000000,0.0000,0.000000,0.000000,0.000000,0.000000,0.000000,1.000000,1.000000,1.000000,0.00112646,0.00000000,0.00776206,0.00000000,0.00000000,-0.01000000,-0.00111731,-0.00000000,0.00223048
125,0,212.009877,0.000000,-423.248408,0.387421,0.000000,-0.776261,0.000000,0.0000,0.000000,0.000000,0.000000,0.000000,0.000000,1.000000,1.000000,1.000000,0.00112600,0.00000000,0.00776243,0.00000000,0.00000000,-0.01000000,-0.00111730,-0.00000000,0.00223054
126,0,213.947093,0.000000,-427.129801,0.387464,0.000000,-0.776295,0.000000,0.0000,0.000000,0.000000,0.000000,0.000000,0.000000,1.000000,1.000000,1.000000,0.00112557,0.00000000,0.00776279,0.00000000,0.00000000,-0.01000000,-0.00111729,-0.00000000,0.00223060
127,0,215.884515,0.000000,-431.011359,0.387504,0.000000,-0.776327,0.000000,0.0000,0.000000,0.000000,0.000000,0.000000,0.000000,1.000000,1.000000,1.000000,0.00112516,0.00000000,0.00776312,0.00000000,0.00000000,-0.01000000,-0.00111729,-0.00000000,0.00223065
128,0,217.822133,0.000000,-434.893073,0.387542,0.000000,-0.776357,0.000000,0.0000,0.000000,0.000000,0.000000,0.000000,0.000000,1.000000,1.000000,1.000000,0.00112476,0.00000000,0.00776343,0.00000000,0.00000000,-0.01000000,-0.00111728,-0.00000000,0.00223071
129,0,219.759939,0.000000,-438.774934,0.387579,0.000000,-0.776386,0.000000,0.0000,0.000000,0.000000,0.000000,0.000000,0.000000,1.000000,1.000000,1.000000,0.00112439,0.00000000,0.00776372,0.00000000,0.00000000,-0.01000000,-0.00111728,-0.00000000,0.00223076
130,0,221.697923,0.000000,-442.656933,0.387614,0.000000,-0.776413,0.000000,0.0000,0.000000,0.000000,0.000000,0.000000,0.000000,1.000000,1.000000,1.000000,0.00112403,0.00000000,0.00776400,0.00000000,0.00000000,-0.01000000,-0.00111727,-0.00000000,0.00223082
131,0,223.636075,0.000000,-446.539061,0.387647,0.000000,-0.776438,0.000000,0.0000,0.000000,0.000000,0.000000,0.000000,0.000000,1.000000,1.000000,1.000000,0.00112369,0.00000000,0.00776426,0.00000000,0.00000000,-0.01000000,-0.00111726,-0.00000000,0.00223087
132,0,225.574389,0.000000,-450.421311,0.387678,0.000000,-0.776462,0.000000,0.0000,0.000000,0.000000,0.000000,0.000000,0.000000,1.000000,1.000000,1.000000,0.00112337,0.00000000,0.00776450,0.00000000,0.00000000,-0.01000000,-0.00111726,-0.00000000,0.00223092
133,0,227.512855,0.000000,-454.303676,0.387708,0.000000,-0.776484,0.000000,0.0000,0.000000,0.000000,0.000000,0.000000,0.000000,1.000000,1.000000,1.000000,0.00112307,0.00000000,0.00776473,0.00000000,0.00000000,-0.01000000,-0.00111726,-0.00000000,0.00223097
134,0,229.451467,0.000000,-458.186148,0.387736,0.000000,-0.776505,0.000000,0.0000,0.000000,0.000000,0.000000,0.000000,0.000000,1.000000,1.000000,1.000000,0.00112278,0.00000000,0.00776494,0.00000000,0.00000000,-0.01000000,-0.00111725,-0.00000000,0.00223101
135,0,231.390216,0.000000,-462.068722,0.387763,0.000000,-0.776524,0.000000,0.0000,0.000000,0.000000,0.000000,0.000000,0.000000,1.000000,1.000000,1.000000,0.00112250,0.00000000,0.00776515,0.00000000,0.00000000,-0.01000000,-0.00111725,-0.00000000,0.00223106
136,0,233.329097,0.000000,-465.951390,0.387789,0.000000,-0.776543,0.000000,0.0000,0.000000,0.000000,0.000000,0.000000,0.000000,1.000000,1.000000,1.000000,0.00112224,0.00000000,0.00776534,0.00000000,0.00000000,-0.01000000,-0.00111725,-0.00000000,0.00223111
137,0,235.268103,0.000000,-469.834147,0.387813,0.000000,-0.776560,0.000000,0.0000,0.000000,0.000000,0.000000,0.000000,0.000000,1.000000,1.000000,1.000000,0.00112199,0.00000000,0.00776551,0.00000000,0.00000000,-0.01000000,-0.00111724,-0.00000000,0.00223115
138,0,237.207227,0.000000,-473.716988,0.387836,0.000000,-0.776576,0.000000,0.0000,0.000000,0.000000,0.000000,0.000000,0.000000,1.000000,1.000000,1.000000,0.00112175,0.00000000,0.00776568,0.00000000,0.00000000,-0.01000000,-0.00111724,-0.00000000,0.00223120
139,0,239.146464,0.000000,-477.599906,0.387858,0.000000,-0.776591,0.000000,0.0000,0.000000,0.000000,0.000000,0.000000,0.000000,1.000000,1.000000,1.000000,0.00112153,0.00000000,0.00776584,0.00000000,0.00000000,-0.01000000,-0.00111724,-0.00000000,0.00223124
140,0,241.085809,0.000000,-481.482898,0.387879,0.000000,-0.776605,0.000000,0.0000,0.000000,0.000000,0.000000,0.000000,0.000000,1.000000,1.000000,1.000000,0.00112131,0.00000000,0.00776598,0.00000000,0.00000000,-0.01000000,-0.00111724,-0.00000000,0.00223128
141,0,243.025255,0.000000,-485.365957,0.387899,0.000000,-0.776618,0.000000,0.0000,0.000000,0.000000,0.000000,0.000000,0.000000,1.000000,1.000000,1.000000,0.00112111,0.00000000,0.00776612,0.00000000,0.00000000,-0.01000000,-0.00111724,-0.00000000,0.00223133
142,0,244.964798,0.000000,-489.249081,0.387918,0.000000,-0.776631,0.000000,0.0000,0.000000,0.000000,0.000000,0.000000,0.000000,1.000000,1.000000,1.000000,0.00112091,0.00000000,0.00776625,0.00000000,0.00000000,-0.01000000,-0.00111724,-0.00000000,0.00223137
143,0,246.904433,0.000000,-493.132264,0.387936,0.000000,-0.776642,0.000000,0.0000,0.000000,0.000000,0.000000,0.000000,0.000000,1.000000,1.000000,1.000000,0.00112073,0.00000000,0.00776637,0.00000000,0.00000000,-0.01000000,-0.00111723,-0.00000000,0.00223141
144,0,248.844155,0.000000,-497.015503,0.387953,0.000000,-0.776653,0.000000,0.0000,0.000000,0.000000,0.000000,0.000000,0.000000,1.000000,1.000000,1.000000,0.00112056,0.00000000,0.00776648,0.00000000,0.00000000,-0.01000000,-0.00111723,-0.00000000,0.00223145
145,0,250.783960,0.000000,-500.898794,0.387969,0.000000,-0.776663,0.000000,0.0000,0.000000,0.000000,0.000000,0.000000,0.000000,1.000000,1.000000,1.000000,0.00112039,0.00000000,0.00776658,0.00000000,0.00000000,-0.01000000,-0.00111723,-0.00000000,0.00223149
146,0,252.723844,0.000000,-504.782133,0.387984,0.000000,-0.776672,0.000000,0.0000,0.000000,0.000000,0.000000,0.000000,0.000000,1.000000,1.000000,1.000000,0.00112023,0.00000000,0.00776668,0.00000000,0.00000000,-0.01000000,-0.00111723,-0.00000000,0.00223153
147,0,254.663803,0.000000,-508.665517,0.387999,0.000000,-0.776681,0.000000,0.0000,0.000000,0.000000,0.000000,0.000000,0.000000,1.000000,1.000000,1.000000,0.00112008,0.00000000,0.00776677,0.00000000,0.00000000,-0.01000000,-0.00111723,-0.00000000,0.00223156
148,0,256.603834,0.000000,-512.548943,0.388013,0.000000,-0.776689,0.000000,0.0000,0.000000,0.000000,0.000000,0.000000,0.000000,1.000000,1.000000,1.000000,0.00111994,0.00000000,0.00776685,0.00000000,0.00000000,-0.01000000,-0.00111723,-0.00000000,0.00223160
149,0,258.543932,0.000000,-516.432407,0.388026,0.000000,-0.776696,0.000000,0.0000,0.000000,0.000000,0.000000,0.000000,0.000000,1.000000,1.000000,1.000000,0.00111980,0.00000000,0.00776693,0.00000000,0.00000000,-0.01000000,-0.00111723,-0.00000000,0.00223164
150,0,260.484094,0.000000,-520.315908,0.388039,0.000000,-0.776703,0.000000,0.0000,0.000000,0.000000,0.000000,0.000000,0.000000,1.000000,1.000000,1.000000,0.00111968,0.00000000,0.00776700,0.00000000,0.00000000,-0.01000000,-0.00111723,-0.00000000,0.00223167
151,0,262.424317,0.000000,-524.199441,0.388050,0.000000,-0.776710,0.000000,0.0000,0.000000,0.000000,0.000000,0.000000,0.000000,1.000000,1.000000,1.000000,0.00111955,0.00000000,0.00776707,0.00000000,0.00000000,-0.01000000,-0.00111724,-0.00000000,0.00223171
152,0,264.364598,0.000000,-528.083005,0.388062,0.000000,-0.776716,0.000000,0.0000,0.000000,0.000000,0.000000,0.000000,0.000000,1.000000,1.000000,1.000000,0.00111944,0.00000000,0.00776713,0.00000000,0.00000000,-0.01000000,-0.00111724,-0.00000000,0.00223174
153,0,266.304934,0.000000,-531.966598,0.388072,0.000000,-0.776721,0.000000,0.0000,0.000000,0.000000,0.000000,0.000000,0.000000,1.000000,1.000000,1.000000,0.00111933,0.00000000,0.00776718,0.00000000,0.00000000,-0.01000000,-0.00111724,-0.00000000,0.00223178
154,0,268.245323,0.000000,-535.850216,0.388083,0.000000,-0.776726,0.000000,0.0000,0.000000,0.000000,0.000000,0.000000,0.000000,1.000000,1.000000,1.000000,0.00111922,0.00000000,0.00776724,0.00000000,0.00000000,-0.01000000,-0.00111724,-0.00000000,0.00223181
155,0,270.185761,0.000000,-539.733858,0.388092,0.000000,-0.776731,0.000000,0.0000,0.000000,0.000000,0.000000,0.000000,0.000000,1.000000,1.000000,1.000000,0.00111912,0.00000000,0.00776728,0.00000000,0.00000000,-0.01000000,-0.00111724,-0.00000000,0.00223184
156,0,272.126246,0.000000,-543.617522,0.388102,0.000000,-0.776735,0.000000,0.0000,0.000000,0.000000,0.000000,0.000000,0.000000,1.000000,1.000000,1.000000,0.00111903,0.00000000,0.00776733,0.00000000,0.00000000,-0.01000000,-0.00111724,-0.00000000,0.00223187
157,0,274.066776,0.000000,-547.501206,0.388110,0.000000,-0.776739,0.000000,0.0000,0.000000,0.000000,0.000000,0.000000,0.000000,1.000000,1.000000,1.000000,0.00111894,0.00000000,0.00776737,0.00000000,0.00000000,-0.01000000,-0.00111724,-0.00000000,0.00223191
158,0,276.007348,0.000000,-551.384909,0.388119,0.000000,-0.776742,0.000000,0.0000,0.000000,0.000000,0.000000,0.000000,0.000000,1.000000,1.000000,1.000000,0.00111886,0.00000000,0.00776740,0.00000000,0.00000000,-0.01000000,-0.00111724,-0.00000000,0.00223194
159,0,277.947961,0.000000,-555.268627,0.388126,0.000000,-0.776745,0.000000,0.0000,0.000000,0.000000,0.000000,0.000000,0.000000,1.000000,1.000000,1.000000,0.00111877,0.00000000,0.00776744,0.00000000,0.00000000,-0.01000000,-0.00111724,-0.00000000,0.00223197
160,0,279.888612,0.000000,-559.152361,0.388134,0.000000,-0.776748,0.000000,0.0000,0.000000,0.000000,0.000000,0.000000,0.000000,1.000000,1.000000,1.000000,0.00111870,0.00000000,0.00776747,0.00000000,0.00000000,-0.01000000,-0.00111725,-0.00000000,0.00223200
161,0,281.829299,0.000000,-563.036108,0.388141,0.000000,-0.776751,0.000000,0.0000,0.000000,0.000000,0.000000,0.000000,0.000000,1.000000,1.000000,1.000000,0.00111863,0.00000000,0.00776749,0.00000000,0.00000000,-0.01000000,-0.00111725,-0.00000000,0.00223203
162,0,283.770021,0.000000,-566.919866,0.388148,0.000000,-0.776753,0.000000,0.0000,0.000000,0.000000,0.000000,0.000000,0.000000,1.000000,1.000000,1.000000,0.00111856,0.00000000,0.00776752,0.00000000,0.00000000,-0.01000000,-0.00111725,-0.00000000,0.00223206
163,0,285.710775,0.000000,-570.803636,0.388154,0.000000,-0.776755,0.000000,0.0000,0.000000,0.000000,0.000000,0.000000,0.000000,1.000000,1.000000,1.000000,0.00111849,0.00000000,0.00776754,0.00000000,0.00000000,-0.01000000,-0.00111725,-0.00000000,0.00223209
164,0,287.651561,0.000000,-574.687415,0.388160,0.000000,-0.776757,0.000000,0.0000,0.000000,0.000000,0.000000,0.000000,0.000000,1.000000,1.000000,1.000000,0.00111843,0.00000000,0.00776756,0.00000000,0.00000000,-0.01000000,-0.00111725,-0.00000000,0.00223212
165,0,289.592375,0.000000,-578.571202,0.388166,0.000000,-0.776758,0.000000,0.0000,0.000000,0.000000,0.000000,0.000000,0.000000,1.000000,1.000000,1.000000,0.00111837,0.00000000,0.00776757,0.00000000,0.00000000,-0.01000000,-0.00111726,-0.00000000,0.00223214
166,0,291.533218,0.000000,-582.454996,0.388171,0.000000,-0.776759,0.000000,0.0000,0.000000,0.000000,0.000000,0.000000,0.000000,1.000000,1.000000,1.000000,0.00111831,0.00000000,0.00776759,0.00000000,0.00000000,-0.01000000,-0.00111726,-0.00000000,0.00223217
167,0,293.474087,0.000000,-586.338796,0.388176,0.000000,-0.776761,0.000000,0.0000,0.000000,0.000000,0.000000,0.000000,0.000000,1.000000,1.000000,1.000000,0.00111826,0.00000000,0.00776760,0.00000000,0.00000000,-0.01000000,-0.00111726,-0.00000000,0.00223220
168,0,295.414981,0.000000,-590.222601,0.388181,0.000000,-0.776761,0.000000,0.0000,0.000000,0.000000,0.000000,0.000000,0.000000,1.000000,1.000000,1.000000,0.00111821,0.00000000,0.00776761,0.00000000,0.00000000,-0.01000000,-0.00111726,-0.00000000,0.00223223
169,0,297.355899,0.000000,-594.106410,0.388186,0.000000,-0.776762,0.000000,0.0000,0.000000,0.000000,0.000000,0.000000,0.000000,1.000000,1.000000,1.000000,0.00111816,0.00000000,0.00776762,0.00000000,0.00000000,-0.01000000,-0.00111726,-0.00000000,0.00223225
170,0,299.296839,0.000000,-597.990222,0.388190,0.000000,-0.776763,0.000000,0.0000,0.000000,0.000000,0.000000,0.000000,0.000000,1.000000,1.000000,1.000000,0.00111812,0.00000000,0.00776762,0.00000000,0.00000000,-0.01000000,-0.00111727,-0.00000000,0.00223228
171,0,301.237801,0.000000,-601.874037,0.388194,0.000000,-0.776763,0.000000,0.0000,0.000000,0.000000,0.000000,0.000000,0.000000,1.000000,1.000000,1.000000,0.00111808,0.00000000,0.00776763,0.00000000,0.00000000,-0.01000000,-0.00111727,-0.00000000,0.00223230
172,0,303.178783,0.000000,-605.757854,0.388198,0.000000,-0.776763,0.000000,0.0000,0.000000,0.000000,0.000000,0.000000,0.000000,1.000000,1.000000,1.000000,0.00111804,0.00000000,0.00776763,0.00000000,0.00000000,-0.01000000,-0.00111727,-0.00000000,0.00223233
173,0,305.119784,0.000000,-609.641671,0.388202,0.000000,-0.776764,0.000000,0.0000,0.000000,0.000000,0.000000,0.000000,0.000000,1.000000,1.000000,1.000000,0.00111800,0.00000000,0.00776763,0.00000000,0.00000000,-0.01000000,-0.00111727,-0.00000000,0.00223235
174,0,307.060803,0.000000,-613.525489,0.388206,0.000000,-0.776763,0.000000,0.0000,0.000000,0.000000,0.000000,0.000000,0.000000,1.000000,1.000000,1.000000,0.00111796,0.00000000,0.00776764,0.00000000,0.00000000,-0.01000000,-0.00111727,-0.00000000,0.00223238
175,0,309.001840,0.000000,-617.409306,0.388209,0.000000,-0.776763,0.000000,0.0000,0.000000,0.000000,0.000000,0.000000,0.000000,1.000000,1.000000,1.000000,0.00111793,0.00000000,0.00776763,0.00000000,0.00000000,-0.01000000,-0.00111728,-0.00000000,0.00223240
176,0,310.942892,0.000000,-621.293122,0.388212,0.000000,-0.776763,0.000000,0.0000,0.000000,0.000000,0.000000,0.000000,0.000000,1.000000,1.000000,1.000000,0.00111789,0.00000000,0.00776763,0.00000000,0.00000000,-0.01000000,-0.00111728,-0.00000000,0.00223243
177,0,312.883961,0.000000,-625.176937,0.388215,0.000000,-0.776763,0.000000,0.0000,0.000000,0.000000,0.000000,0.000000,0.000000,1.000000,1.000000,1.000000,0.00111786,0.00000000,0.00776763,0.00000000,0.00000000,-0.01000000,-0.00111728,-0.00000000,0.00223245
178,0,314.825043,0.000000,-629.060750,0.388218,0.000000,-0.776762,0.000000,0.0000,0.000000,0.000000,0.000000,0.000000,0.000000,1.000000,1.000000,1.000000,0.00111783,0.00000000,0.00776763,0.00000000,0.00000000,-0.01000000,-0.00111728,-0.00000000,0.00223248
179,0,316.766140,0.000000,-632.944560,0.388221,0.000000,-0.776762,0.000000,0.0000,0.000000,0.000000,0.000000,0.000000,0.000000,1.000000,1.000000,1.000000,0.00111781,0.00000000,0.00776762,0.00000000,0.00000000,-0.01000000,-0.00111729,-0.00000000,0.00223250
180,0,318.707249,0.000000,-636.828367,0.388223,0.000000,-0.776761,0.000000,0.0000,0.000000,0.000000,0.000000,0.000000,0.000000,1.000000,1.000000,1.000000,0.00111778,0.00000000,0.00776761,0.00000000,0.00000000,-0.01000000,-0.00111729,-0.00000000,0.00223252
181,0,320.648371,0.000000,-640.712171,0.388226,0.000000,-0.776760,0.000000,0.0000,0.000000,0.000000,0.000000,0.000000,0.000000,1.000000,1.000000,1.000000,0.00111776,0.00000000,0.00776761,0.00000000,0.00000000,-0.01000000,-0.00111729,-0.00000000,0.00223254
182,0,322.589504,0.000000,-644.595971,0.388228,0.000000,-0.776760,0.000000,0.0000,0.000000,0.000000,0.000000,0.000000,0.000000,1.000000,1.000000,1.000000,0.00111773,0.00000000,0.00776760,0.00000000,0.00000000,-0.01000000,-0.00111729,-0.00000000,0.00223257
183,0,324.530649,0.000000,-648.479767,0.388230,0.000000,-0.776759,0.000000,0.0000,0.000000,0.000000,0.000000,0.000000,0.000000,1.000000,1.000000,1.000000,0.00111771,0.00000000,0.00776759,0.00000000,0.00000000,-0.01000000,-0.00111730,-0.00000000,0.00223259
184,0,326.471804,0.000000,-652.363559,0.388232,0.000000,-0.776758,0.000000,0.0000,0.000000,0.000000,0.000000,0.000000,0.000000,1.000000,1.000000,1.000000,0.00111769,0.00000000,0.00776758,0.00000000,0.00000000,-0.01000000,-0.00111730,-0.00000000,0.00223261
185,0,328.412968,0.000000,-656.247345,0.388234,0.000000,-0.776757,0.000000,0.0000,0.000000,0.000000,0.000000,0.000000,0.000000,1.000000,1.000000,1.000000,0.00111767,0.00000000,0.00776757,0.00000000,0.00000000,-0.01000000,-0.00111730,-0.00000000,0.00223263
186,0,330.354142,0.000000,-660.131127,0.388236,0.000000,-0.776756,0.000000,0.0000,0.000000,0.000000,0.000000,0.000000,0.000000,1.000000,1.000000,1.000000,0.00111765,0.00000000,0.00776756,0.00000000,0.00000000,-0.01000000,-0.00111730,-0.00000000,0.00223265
187,0,332.295325,0.000000,-664.014903,0.388237,0.000000,-0.776755,0.000000,0.0000,0.000000,0.000000,0.000000,0.000000,0.000000,1.000000,1.000000,1.000000,0.00111763,0.00000000,0.00776755,0.00000000,0.00000000,-0.01000000,-0.00111730,-0.00000000,0.00223267
188,0,334.236516,0.000000,-667.898674,0.388239,0.000000,-0.776754,0.000000,0.0000,0.000000,0.000000,0.000000,0.000000,0.000000,1.000000,1.000000,1.000000,0.00111762,0.00000000,0.00776754,0.00000000,0.00000000,-0.01000000,-0.00111731,-0.00000000,0.00223269
189,0,336.177715,0.000000,-671.782438,0.388240,0.000000,-0.776752,0.000000,0.0000,0.000000,0.000000,0.000000,0.000000,0.000000,1.000000,1.000000,1.000000,0.00111760,0.00000000,0.00776753,0.00000000,0.00000000,-0.01000000,-0.00111731,-0.00000000,0.00223271
190,0,338.118921,0.000000,-675.666197,0.388242,0.000000,-0.776751,0.000000,0.0000,0.000000,0.000000,0.000000,0.000000,0.000000,1.000000,1.000000,1.000000,0.00111759,0.00000000,0.00776752,0.00000000,0.00000000,-0.01000000,-0.00111731,-0.00000000,0.00223273
191,0,340.060134,0.000000,-679.549949,0.388243,0.000000,-0.776750,0.000000,0.0000,0.000000,0.000000,0.000000,0.000000,0.000000,1.000000,1.000000,1.000000,0.00111757,0.00000000,0.00776750,0.00000000,0.00000000,-0.01000000,-0.00111731,-0.00000000,0.00223275
192,0,342.001353,0.000000,-683.433695,0.388245,0.000000,-0.776748,0.000000,0.0000,0.000000,0.000000,0.000000,0.000000,0.000000,1.000000,1.000000,1.000000,0.00111756,0.00000000,0.00776749,0.00000000,0.00000000,-0.01000000,-0.00111732,-0.00000000,0.00223277
193,0,343.942579,0.000000,-687.317434,0.388246,0.000000,-0.776747,0.000000,0.0000,0.000000,0.000000,0.000000,0.000000,0.000000,1.000000,1.000000,1.000000,0.00111755,0.00000000,0.00776748,0.00000000,0.00000000,-0.01000000,-0.00111732,-0.00000000,0.00223279
194,0,345.883810,0.000000,-691.201166,0.388247,0.000000,-0.776746,0.000000,0.0000,0.000000,0.000000,0.000000,0.000000,0.000000,1.000000,1.000000,1.000000,0.00111754,0.00000000,0.00776746,0.00000000,0.00000000,-0.01000000,-0.00111732,-0.00000000,0.00223281
195,0,347.825047,0.000000,-695.084892,0.388248,0.000000,-0.776744,0.000000,0.0000,0.000000,0.000000,0.000000,0.000000,0.000000,1.000000,1.000000,1.000000,0.00111753,0.00000000,0.00776745,0.00000000,0.00000000,-0.01000000,-0.00111732,-0.00000000,0.00223283
196,0,349.766289,0.000000,-698.968610,0.388249,0.000000,-0.776743,0.000000,0.0000,0.000000,0.000000,0.000000,0.000000,0.000000,1.000000,1.000000,1.000000,0.00111752,0.00000000,0.00776744,0.00000000,0.00000000,-0.01000000,-0.00111733,-0.00000000,0.00223285
197,0,351.707535,0.000000,-702.852321,0.388250,0.000000,-0.776742,0.000000,0.0000,0.000000,0.000000,0.000000,0.000000,0.000000,1.000000,1.000000,1.000000,0.00111751,0.00000000,0.00776742,0.00000000,0.00000000,-0.01000000,-0.00111733,-0.00000000,0.00223287
198,0,353.648786,0.000000,-706.736025,0.388251,0.000000,-0.776740,0.000000,0.0000,0.000000,0.000000,0.000000,0.000000,0.000000,1.000000,1.000000,1.000000,0.00111750,0.00000000,0.00776741,0.00000000,0.00000000,-0.01000000,-0.00111733,-0.00000000,0.00223289
199,0,355.590041,0.000000,-710.619722,0.388251,0.000000,-0.776739,0.000000,0.0000,0.000000,0.000000,0.000000,0.000000,0.000000,1.000000,1.000000,1.000000,0.00111749,0.00000000,0.00776739,0.00000000,0.00000000,-0.01000000,-0.00111733,-0.00000000,0.00223291
