run_id,timestamp,status,build_status,test_status,elapsed_seconds,notes
run_20260424_044510_01,2026-04-24 04:45:10,PASS,0,0,4,ok
run_20260424_044517_02,2026-04-24 04:45:17,PASS,0,0,4,ok
run_20260424_044524_03,2026-04-24 04:45:24,PASS,0,0,4,ok
run_20260424_044532_04,2026-04-24 04:45:32,PASS,0,0,4,ok
run_20260424_044539_05,2026-04-24 04:45:39,PASS,0,0,4,ok
run_20260424_044546_06,2026-04-24 04:45:46,PASS,0,0,4,ok
run_20260424_044554_07,2026-04-24 04:45:54,PASS,0,0,4,ok
run_20260424_044601_08,2026-04-24 04:46:01,PASS,0,0,4,ok
run_20260424_044609_09,2026-04-24 04:46:09,PASS,0,0,4,ok
run_20260424_044616_10,2026-04-24 04:46:16,PASS,0,0,4,ok
run_20260424_044624_11,2026-04-24 04:46:24,PASS,0,0,4,ok
