gen,strategy,rms,max_pct,noble_rms,halogen_rms,mono_breaks,n_above_20,elapsed_s,is_best
1,Explore,0,0,0,0,0,0,0.341985,0
2,Refine,0,0,0,0,0,0,0.50175,0
3,Block,0,0,0,0,0,0,0.375423,0
4,Shell,0,0,0,0,0,0,0.349122,0
5,Weighted,0,0,0,0,0,0,0.34311,0
6,Fresh,0,0,0,0,0,0,0.31611,0
7,Explore,0,0,0,0,0,0,0.323046,0
8,Refine,0,0,0,0,0,0,0.502009,0
9,Block,0,0,0,0,0,0,0.336565,0
10,Shell,0,0,0,0,0,0,0.341774,0
11,Weighted,0,0,0,0,0,0,0.326344,0
12,Fresh,0,0,0,0,0,0,0.339914,0
13,Explore,0,0,0,0,0,0,0.341353,0
14,Refine,0,0,0,0,0,0,0.510229,0
15,Block,0,0,0,0,0,0,0.358203,0
16,Shell,0,0,0,0,0,0,0.342983,0
17,Weighted,0,0,0,0,0,0,0.355426,0
18,Fresh,0,0,0,0,0,0,0.317016,0
19,Explore,0,0,0,0,0,0,0.346665,0
20,Refine,0,0,0,0,0,0,0.525306,0
21,Block,0,0,0,0,0,0,0.342116,0
22,Shell,0,0,0,0,0,0,0.341853,0
23,Weighted,0,0,0,0,0,0,0.321808,0
24,Fresh,0,0,0,0,0,0,0.319634,0
25,Explore,0,0,0,0,0,0,0.311146,0
26,Refine,0,0,0,0,0,0,0.491043,0
27,Block,0,0,0,0,0,0,0.341349,0
28,Shell,0,0,0,0,0,0,0.342612,0
29,Weighted,0,0,0,0,0,0,0.318993,0
30,Fresh,0,0,0,0,0,0,0.311905,0
31,Explore,0,0,0,0,0,0,0.327014,0
32,Refine,0,0,0,0,0,0,0.49278,0
33,Block,0,0,0,0,0,0,0.345136,0
34,Shell,0,0,0,0,0,0,0.343403,0
35,Weighted,0,0,0,0,0,0,0.318595,0
36,Fresh,0,0,0,0,0,0,0.324484,0
37,Explore,0,0,0,0,0,0,0.329669,0
38,Refine,0,0,0,0,0,0,0.507587,0
39,Block,0,0,0,0,0,0,0.339757,0
40,Shell,0,0,0,0,0,0,0.339601,0
41,Weighted,0,0,0,0,0,0,0.322013,0
42,Fresh,0,0,0,0,0,0,0.336572,0
43,Explore,0,0,0,0,0,0,0.376792,0
44,Refine,0,0,0,0,0,0,0.564051,0
45,Block,0,0,0,0,0,0,0.346255,0
46,Shell,0,0,0,0,0,0,0.343179,0
47,Weighted,0,0,0,0,0,0,0.314774,0
48,Fresh,0,0,0,0,0,0,0.370237,0
49,Explore,0,0,0,0,0,0,0.330773,0
50,Refine,0,0,0,0,0,0,0.48783,0
51,Block,0,0,0,0,0,0,0.338038,0
52,Shell,0,0,0,0,0,0,0.348121,0
53,Weighted,0,0,0,0,0,0,0.331423,0
54,Fresh,0,0,0,0,0,0,0.347872,0
55,Explore,0,0,0,0,0,0,0.359615,0
56,Refine,0,0,0,0,0,0,0.524696,0
57,Block,0,0,0,0,0,0,0.342439,0
58,Shell,0,0,0,0,0,0,0.337395,0
59,Weighted,0,0,0,0,0,0,0.326898,0
60,Fresh,0,0,0,0,0,0,0.298724,0
61,Explore,0,0,0,0,0,0,0.335865,0
62,Refine,0,0,0,0,0,0,0.501577,0
63,Block,0,0,0,0,0,0,0.358638,0
64,Shell,0,0,0,0,0,0,0.343054,0
65,Weighted,0,0,0,0,0,0,0.383755,0
66,Fresh,0,0,0,0,0,0,0.335251,0
67,Explore,0,0,0,0,0,0,0.315861,0
68,Refine,0,0,0,0,0,0,0.49793,0
69,Block,0,0,0,0,0,0,0.382839,0
70,Shell,0,0,0,0,0,0,0.365229,0
71,Weighted,0,0,0,0,0,0,0.357562,0
72,Fresh,0,0,0,0,0,0,0.334666,0
73,Explore,0,0,0,0,0,0,0.3063,0
74,Refine,0,0,0,0,0,0,0.523397,0
75,Block,0,0,0,0,0,0,0.339642,0
76,Shell,0,0,0,0,0,0,0.339053,0
77,Weighted,0,0,0,0,0,0,0.317719,0
78,Fresh,0,0,0,0,0,0,0.406773,0
79,Explore,0,0,0,0,0,0,0.338171,0
80,Refine,0,0,0,0,0,0,0.525688,0
81,Block,0,0,0,0,0,0,0.354619,0
82,Shell,0,0,0,0,0,0,0.349994,0
83,Weighted,0,0,0,0,0,0,0.304752,0
84,Fresh,0,0,0,0,0,0,0.317165,0
85,Explore,0,0,0,0,0,0,0.320643,0
86,Refine,0,0,0,0,0,0,0.497034,0
87,Block,0,0,0,0,0,0,0.340316,0
88,Shell,0,0,0,0,0,0,0.339853,0
89,Weighted,0,0,0,0,0,0,0.338141,0
90,Fresh,0,0,0,0,0,0,0.346492,0
91,Explore,0,0,0,0,0,0,0.354782,0
92,Refine,0,0,0,0,0,0,0.484276,0
93,Block,0,0,0,0,0,0,0.35048,0
94,Shell,0,0,0,0,0,0,0.363533,0
95,Weighted,0,0,0,0,0,0,0.337925,0
96,Fresh,0,0,0,0,0,0,0.338432,0
97,Explore,0,0,0,0,0,0,0.338952,0
98,Refine,0,0,0,0,0,0,0.52148,0
99,Block,0,0,0,0,0,0,0.341686,0
100,Shell,0,0,0,0,0,0,0.376424,0
101,Weighted,0,0,0,0,0,0,0.341896,0
102,Fresh,0,0,0,0,0,0,0.352115,0
103,Explore,0,0,0,0,0,0,0.433272,0
104,Refine,0,0,0,0,0,0,0.540958,0
105,Block,0,0,0,0,0,0,0.396108,0
106,Shell,0,0,0,0,0,0,0.427019,0
107,Weighted,0,0,0,0,0,0,0.409811,0
108,Fresh,0,0,0,0,0,0,0.36692,0
109,Explore,0,0,0,0,0,0,0.360916,0
110,Refine,0,0,0,0,0,0,0.499729,0
111,Block,0,0,0,0,0,0,0.34652,0
112,Shell,0,0,0,0,0,0,0.366682,0
113,Weighted,0,0,0,0,0,0,0.334238,0
114,Fresh,0,0,0,0,0,0,0.326612,0
115,Explore,0,0,0,0,0,0,0.384335,0
116,Refine,0,0,0,0,0,0,0.51586,0
117,Block,0,0,0,0,0,0,0.349412,0
118,Shell,0,0,0,0,0,0,0.349175,0
119,Weighted,0,0,0,0,0,0,0.331907,0
120,Fresh,0,0,0,0,0,0,0.351492,0
121,Explore,0,0,0,0,0,0,0.346268,0
122,Refine,0,0,0,0,0,0,0.531971,0
123,Block,0,0,0,0,0,0,0.428913,0
124,Shell,0,0,0,0,0,0,0.361168,0
125,Weighted,0,0,0,0,0,0,0.357544,0
126,Fresh,0,0,0,0,0,0,0.329904,0
127,Explore,0,0,0,0,0,0,0.36491,0
128,Refine,0,0,0,0,0,0,0.515055,0
129,Block,0,0,0,0,0,0,0.356488,0
130,Shell,0,0,0,0,0,0,0.343921,0
131,Weighted,0,0,0,0,0,0,0.322353,0
132,Fresh,0,0,0,0,0,0,0.336816,0
133,Explore,0,0,0,0,0,0,0.34956,0
134,Refine,0,0,0,0,0,0,0.50741,0
135,Block,0,0,0,0,0,0,0.338376,0
136,Shell,0,0,0,0,0,0,0.36525,0
137,Weighted,0,0,0,0,0,0,0.317355,0
138,Fresh,0,0,0,0,0,0,0.356717,0
139,Explore,0,0,0,0,0,0,0.325102,0
140,Refine,0,0,0,0,0,0,0.523835,0
141,Block,0,0,0,0,0,0,0.337439,0
142,Shell,0,0,0,0,0,0,0.336321,0
143,Weighted,0,0,0,0,0,0,0.330258,0
144,Fresh,0,0,0,0,0,0,0.330058,0
145,Explore,0,0,0,0,0,0,0.313729,0
146,Refine,0,0,0,0,0,0,0.507144,0
147,Block,0,0,0,0,0,0,0.337379,0
148,Shell,0,0,0,0,0,0,0.336847,0
149,Weighted,0,0,0,0,0,0,0.388174,0
150,Fresh,0,0,0,0,0,0,0.329719,0
151,Explore,0,0,0,0,0,0,0.303214,0
152,Refine,0,0,0,0,0,0,0.530038,0
153,Block,0,0,0,0,0,0,0.352087,0
154,Shell,0,0,0,0,0,0,0.344534,0
155,Weighted,0,0,0,0,0,0,0.352453,0
156,Fresh,0,0,0,0,0,0,0.373574,0
157,Explore,0,0,0,0,0,0,0.370026,0
158,Refine,0,0,0,0,0,0,0.500012,0
159,Block,0,0,0,0,0,0,0.350621,0
160,Shell,0,0,0,0,0,0,0.357144,0
161,Weighted,0,0,0,0,0,0,0.364252,0
162,Fresh,0,0,0,0,0,0,0.33973,0
163,Explore,0,0,0,0,0,0,0.316297,0
164,Refine,0,0,0,0,0,0,0.47592,0
165,Block,0,0,0,0,0,0,0.367791,0
166,Shell,0,0,0,0,0,0,0.340043,0
167,Weighted,0,0,0,0,0,0,0.321136,0
168,Fresh,0,0,0,0,0,0,0.328164,0
169,Explore,0,0,0,0,0,0,0.338589,0
170,Refine,0,0,0,0,0,0,0.53467,0
171,Block,0,0,0,0,0,0,0.361806,0
172,Shell,0,0,0,0,0,0,0.33932,0
173,Weighted,0,0,0,0,0,0,0.345894,0
174,Fresh,0,0,0,0,0,0,0.3188,0
175,Explore,0,0,0,0,0,0,0.327135,0
176,Refine,0,0,0,0,0,0,0.49469,0
177,Block,0,0,0,0,0,0,0.351425,0
178,Shell,0,0,0,0,0,0,0.339447,0
179,Weighted,0,0,0,0,0,0,0.320397,0
180,Fresh,0,0,0,0,0,0,0.317456,0
181,Explore,0,0,0,0,0,0,0.354335,0
182,Refine,0,0,0,0,0,0,0.495594,0
183,Block,0,0,0,0,0,0,0.340233,0
184,Shell,0,0,0,0,0,0,0.349779,0
185,Weighted,0,0,0,0,0,0,0.324896,0
186,Fresh,0,0,0,0,0,0,0.298447,0
187,Explore,0,0,0,0,0,0,0.314362,0
188,Refine,0,0,0,0,0,0,0.502346,0
189,Block,0,0,0,0,0,0,0.342253,0
190,Shell,0,0,0,0,0,0,0.337501,0
191,Weighted,0,0,0,0,0,0,0.336741,0
192,Fresh,0,0,0,0,0,0,0.317274,0
193,Explore,0,0,0,0,0,0,0.322838,0
194,Refine,0,0,0,0,0,0,0.488533,0
195,Block,0,0,0,0,0,0,0.337534,0
196,Shell,0,0,0,0,0,0,0.339974,0
197,Weighted,0,0,0,0,0,0,0.32944,0
198,Fresh,0,0,0,0,0,0,0.321658,0
199,Explore,0,0,0,0,0,0,0.326222,0
200,Refine,0,0,0,0,0,0,0.522903,0
201,Block,0,0,0,0,0,0,0.337482,0
202,Shell,0,0,0,0,0,0,0.33894,0
203,Weighted,0,0,0,0,0,0,0.326539,0
204,Fresh,0,0,0,0,0,0,0.313796,0
205,Explore,0,0,0,0,0,0,0.325657,0
206,Refine,0,0,0,0,0,0,0.49302,0
207,Block,0,0,0,0,0,0,0.341816,0
208,Shell,0,0,0,0,0,0,0.339882,0
209,Weighted,0,0,0,0,0,0,0.315441,0
210,Fresh,0,0,0,0,0,0,0.326812,0
211,Explore,0,0,0,0,0,0,0.344223,0
212,Refine,0,0,0,0,0,0,0.509407,0
213,Block,0,0,0,0,0,0,0.339822,0
214,Shell,0,0,0,0,0,0,0.335791,0
215,Weighted,0,0,0,0,0,0,0.316648,0
216,Fresh,0,0,0,0,0,0,0.322161,0
217,Explore,0,0,0,0,0,0,0.313648,0
218,Refine,0,0,0,0,0,0,0.494403,0
219,Block,0,0,0,0,0,0,0.33834,0
220,Shell,0,0,0,0,0,0,0.340416,0
221,Weighted,0,0,0,0,0,0,0.338239,0
222,Fresh,0,0,0,0,0,0,0.302397,0
223,Explore,0,0,0,0,0,0,0.324543,0
224,Refine,0,0,0,0,0,0,0.544802,0
225,Block,0,0,0,0,0,0,0.340586,0
226,Shell,0,0,0,0,0,0,0.343954,0
227,Weighted,0,0,0,0,0,0,0.329792,0
228,Fresh,0,0,0,0,0,0,0.32576,0
229,Explore,0,0,0,0,0,0,0.329737,0
230,Refine,0,0,0,0,0,0,0.496243,0
231,Block,0,0,0,0,0,0,0.335027,0
232,Shell,0,0,0,0,0,0,0.338697,0
233,Weighted,0,0,0,0,0,0,0.343194,0
234,Fresh,0,0,0,0,0,0,0.315589,0
235,Explore,0,0,0,0,0,0,0.328914,0
236,Refine,0,0,0,0,0,0,0.49527,0
237,Block,0,0,0,0,0,0,0.337998,0
238,Shell,0,0,0,0,0,0,0.334738,0
239,Weighted,0,0,0,0,0,0,0.336646,0
240,Fresh,0,0,0,0,0,0,0.322319,0
241,Explore,0,0,0,0,0,0,0.326498,0
242,Refine,0,0,0,0,0,0,0.49472,0
243,Block,0,0,0,0,0,0,0.336436,0
244,Shell,0,0,0,0,0,0,0.339373,0
245,Weighted,0,0,0,0,0,0,0.311598,0
246,Fresh,0,0,0,0,0,0,0.315497,0
247,Explore,0,0,0,0,0,0,0.313079,0
248,Refine,0,0,0,0,0,0,0.496993,0
249,Block,0,0,0,0,0,0,0.336027,0
250,Shell,0,0,0,0,0,0,0.3391,0
251,Weighted,0,0,0,0,0,0,0.317141,0
252,Fresh,0,0,0,0,0,0,0.337729,0
253,Explore,0,0,0,0,0,0,0.359213,0
254,Refine,0,0,0,0,0,0,0.467159,0
255,Block,0,0,0,0,0,0,0.404127,0
256,Shell,0,0,0,0,0,0,0.33833,0
257,Weighted,0,0,0,0,0,0,0.330543,0
258,Fresh,0,0,0,0,0,0,0.301123,0
259,Explore,0,0,0,0,0,0,0.32314,0
260,Refine,0,0,0,0,0,0,0.49216,0
261,Block,0,0,0,0,0,0,0.335655,0
262,Shell,0,0,0,0,0,0,0.336301,0
263,Weighted,0,0,0,0,0,0,0.317374,0
264,Fresh,0,0,0,0,0,0,0.332653,0
265,Explore,0,0,0,0,0,0,0.302955,0
266,Refine,0,0,0,0,0,0,0.491971,0
267,Block,0,0,0,0,0,0,0.355903,0
268,Shell,0,0,0,0,0,0,0.33303,0
269,Weighted,0,0,0,0,0,0,0.31867,0
270,Fresh,0,0,0,0,0,0,0.321697,0
271,Explore,0,0,0,0,0,0,0.319516,0
272,Refine,0,0,0,0,0,0,0.513585,0
273,Block,0,0,0,0,0,0,0.340712,0
274,Shell,0,0,0,0,0,0,0.334164,0
275,Weighted,0,0,0,0,0,0,0.318522,0
276,Fresh,0,0,0,0,0,0,0.322317,0
277,Explore,0,0,0,0,0,0,0.319053,0
278,Refine,0,0,0,0,0,0,0.472964,0
279,Block,0,0,0,0,0,0,0.335648,0
280,Shell,0,0,0,0,0,0,0.335352,0
281,Weighted,0,0,0,0,0,0,0.320554,0
282,Fresh,0,0,0,0,0,0,0.33234,0
283,Explore,0,0,0,0,0,0,0.325138,0
284,Refine,0,0,0,0,0,0,0.483832,0
285,Block,0,0,0,0,0,0,0.334492,0
286,Shell,0,0,0,0,0,0,0.341409,0
287,Weighted,0,0,0,0,0,0,0.310102,0
288,Fresh,0,0,0,0,0,0,0.31003,0
289,Explore,0,0,0,0,0,0,0.32158,0
290,Refine,0,0,0,0,0,0,0.471968,0
291,Block,0,0,0,0,0,0,0.334829,0
292,Shell,0,0,0,0,0,0,0.334947,0
293,Weighted,0,0,0,0,0,0,0.317623,0
294,Fresh,0,0,0,0,0,0,0.35759,0
295,Explore,0,0,0,0,0,0,0.321887,0
296,Refine,0,0,0,0,0,0,0.466553,0
297,Block,0,0,0,0,0,0,0.345678,0
298,Shell,0,0,0,0,0,0,0.338488,0
299,Weighted,0,0,0,0,0,0,0.370663,0
300,Fresh,0,0,0,0,0,0,0.358454,0
301,Explore,0,0,0,0,0,0,0.301135,0
302,Refine,0,0,0,0,0,0,0.512505,0
303,Block,0,0,0,0,0,0,0.340446,0
304,Shell,0,0,0,0,0,0,0.350562,0
305,Weighted,0,0,0,0,0,0,0.339109,0
306,Fresh,0,0,0,0,0,0,0.319914,0
307,Explore,0,0,0,0,0,0,0.314106,0
308,Refine,0,0,0,0,0,0,0.551902,0
309,Block,0,0,0,0,0,0,0.368768,0
310,Shell,0,0,0,0,0,0,0.33769,0
311,Weighted,0,0,0,0,0,0,0.332256,0
312,Fresh,0,0,0,0,0,0,0.346116,0
313,Explore,0,0,0,0,0,0,0.312666,0
314,Refine,0,0,0,0,0,0,0.473957,0
315,Block,0,0,0,0,0,0,0.35501,0
316,Shell,0,0,0,0,0,0,0.337546,0
317,Weighted,0,0,0,0,0,0,0.338668,0
318,Fresh,0,0,0,0,0,0,0.320285,0
319,Explore,0,0,0,0,0,0,0.325879,0
320,Refine,0,0,0,0,0,0,0.501703,0
321,Block,0,0,0,0,0,0,0.345861,0
322,Shell,0,0,0,0,0,0,0.339955,0
323,Weighted,0,0,0,0,0,0,0.329354,0
324,Fresh,0,0,0,0,0,0,0.31459,0
325,Explore,0,0,0,0,0,0,0.325304,0
326,Refine,0,0,0,0,0,0,0.501113,0
327,Block,0,0,0,0,0,0,0.345348,0
328,Shell,0,0,0,0,0,0,0.358789,0
329,Weighted,0,0,0,0,0,0,0.330721,0
330,Fresh,0,0,0,0,0,0,0.306845,0
331,Explore,0,0,0,0,0,0,0.332728,0
332,Refine,0,0,0,0,0,0,0.585406,0
333,Block,0,0,0,0,0,0,0.352348,0
334,Shell,0,0,0,0,0,0,0.34088,0
335,Weighted,0,0,0,0,0,0,0.325278,0
336,Fresh,0,0,0,0,0,0,0.327304,0
337,Explore,0,0,0,0,0,0,0.325805,0
338,Refine,0,0,0,0,0,0,0.531137,0
339,Block,0,0,0,0,0,0,0.35317,0
340,Shell,0,0,0,0,0,0,0.380312,0
341,Weighted,0,0,0,0,0,0,0.316253,0
342,Fresh,0,0,0,0,0,0,0.328731,0
343,Explore,0,0,0,0,0,0,0.347254,0
344,Refine,0,0,0,0,0,0,0.502867,0
345,Block,0,0,0,0,0,0,0.34122,0
346,Shell,0,0,0,0,0,0,0.350963,0
347,Weighted,0,0,0,0,0,0,0.35825,0
348,Fresh,0,0,0,0,0,0,0.322502,0
349,Explore,0,0,0,0,0,0,0.325531,0
350,Refine,0,0,0,0,0,0,0.492384,0
351,Block,0,0,0,0,0,0,0.345095,0
352,Shell,0,0,0,0,0,0,0.340763,0
353,Weighted,0,0,0,0,0,0,0.331995,0
354,Fresh,0,0,0,0,0,0,0.339382,0
355,Explore,0,0,0,0,0,0,0.322088,0
356,Refine,0,0,0,0,0,0,0.49921,0
357,Block,0,0,0,0,0,0,0.341559,0
358,Shell,0,0,0,0,0,0,0.33888,0
359,Weighted,0,0,0,0,0,0,0.318856,0
360,Fresh,0,0,0,0,0,0,0.342289,0
361,Explore,0,0,0,0,0,0,0.325306,0
362,Refine,0,0,0,0,0,0,0.510335,0
363,Block,0,0,0,0,0,0,0.341412,0
364,Shell,0,0,0,0,0,0,0.342586,0
365,Weighted,0,0,0,0,0,0,0.329512,0
366,Fresh,0,0,0,0,0,0,0.336705,0
367,Explore,0,0,0,0,0,0,0.329283,0
368,Refine,0,0,0,0,0,0,0.500291,0
369,Block,0,0,0,0,0,0,0.340889,0
370,Shell,0,0,0,0,0,0,0.350453,0
371,Weighted,0,0,0,0,0,0,0.335775,0
372,Fresh,0,0,0,0,0,0,0.358055,0
373,Explore,0,0,0,0,0,0,0.30842,0
374,Refine,0,0,0,0,0,0,0.509867,0
375,Block,0,0,0,0,0,0,0.344885,0
376,Shell,0,0,0,0,0,0,0.364861,0
377,Weighted,0,0,0,0,0,0,0.330782,0
378,Fresh,0,0,0,0,0,0,0.315104,0
379,Explore,0,0,0,0,0,0,0.331972,0
380,Refine,0,0,0,0,0,0,0.494927,0
381,Block,0,0,0,0,0,0,0.340148,0
382,Shell,0,0,0,0,0,0,0.338266,0
383,Weighted,0,0,0,0,0,0,0.327539,0
384,Fresh,0,0,0,0,0,0,0.308306,0
385,Explore,0,0,0,0,0,0,0.318752,0
386,Refine,0,0,0,0,0,0,0.508296,0
387,Block,0,0,0,0,0,0,0.345299,0
388,Shell,0,0,0,0,0,0,0.339001,0
389,Weighted,0,0,0,0,0,0,0.333104,0
390,Fresh,0,0,0,0,0,0,0.321629,0
391,Explore,0,0,0,0,0,0,0.343461,0
392,Refine,0,0,0,0,0,0,0.503893,0
393,Block,0,0,0,0,0,0,0.343892,0
394,Shell,0,0,0,0,0,0,0.342227,0
395,Weighted,0,0,0,0,0,0,0.324636,0
396,Fresh,0,0,0,0,0,0,0.332712,0
397,Explore,0,0,0,0,0,0,0.315683,0
398,Refine,0,0,0,0,0,0,0.504814,0
399,Block,0,0,0,0,0,0,0.342668,0
400,Shell,0,0,0,0,0,0,0.338914,0
401,Weighted,0,0,0,0,0,0,0.354385,0
402,Fresh,0,0,0,0,0,0,0.315101,0
403,Explore,0,0,0,0,0,0,0.322611,0
404,Refine,0,0,0,0,0,0,0.49276,0
405,Block,0,0,0,0,0,0,0.351702,0
406,Shell,0,0,0,0,0,0,0.336434,0
407,Weighted,0,0,0,0,0,0,0.328034,0
408,Fresh,0,0,0,0,0,0,0.342266,0
409,Explore,0,0,0,0,0,0,0.325282,0
410,Refine,0,0,0,0,0,0,0.515178,0
411,Block,0,0,0,0,0,0,0.344541,0
412,Shell,0,0,0,0,0,0,0.352368,0
413,Weighted,0,0,0,0,0,0,0.340608,0
414,Fresh,0,0,0,0,0,0,0.340093,0
415,Explore,0,0,0,0,0,0,0.313121,0
416,Refine,0,0,0,0,0,0,0.497665,0
417,Block,0,0,0,0,0,0,0.341711,0
418,Shell,0,0,0,0,0,0,0.343765,0
419,Weighted,0,0,0,0,0,0,0.318655,0
420,Fresh,0,0,0,0,0,0,0.316106,0
421,Explore,0,0,0,0,0,0,0.309504,0
422,Refine,0,0,0,0,0,0,0.497673,0
423,Block,0,0,0,0,0,0,0.345092,0
424,Shell,0,0,0,0,0,0,0.338879,0
425,Weighted,0,0,0,0,0,0,0.335631,0
426,Fresh,0,0,0,0,0,0,0.330035,0
427,Explore,0,0,0,0,0,0,0.307909,0
428,Refine,0,0,0,0,0,0,0.523736,0
429,Block,0,0,0,0,0,0,0.358903,0
430,Shell,0,0,0,0,0,0,0.349368,0
431,Weighted,0,0,0,0,0,0,0.351957,0
432,Fresh,0,0,0,0,0,0,0.339051,0
433,Explore,0,0,0,0,0,0,0.31673,0
434,Refine,0,0,0,0,0,0,0.5237,0
435,Block,0,0,0,0,0,0,0.356321,0
436,Shell,0,0,0,0,0,0,0.343324,0
437,Weighted,0,0,0,0,0,0,0.331355,0
438,Fresh,0,0,0,0,0,0,0.327997,0
439,Explore,0,0,0,0,0,0,0.335238,0
440,Refine,0,0,0,0,0,0,0.501992,0
441,Block,0,0,0,0,0,0,0.337425,0
442,Shell,0,0,0,0,0,0,0.358797,0
443,Weighted,0,0,0,0,0,0,0.309,0
444,Fresh,0,0,0,0,0,0,0.345949,0
445,Explore,0,0,0,0,0,0,0.325444,0
446,Refine,0,0,0,0,0,0,0.481902,0
447,Block,0,0,0,0,0,0,0.335742,0
448,Shell,0,0,0,0,0,0,0.342946,0
449,Weighted,0,0,0,0,0,0,0.315404,0
450,Fresh,0,0,0,0,0,0,0.313873,0
451,Explore,0,0,0,0,0,0,0.366178,0
452,Refine,0,0,0,0,0,0,0.498215,0
453,Block,0,0,0,0,0,0,0.340294,0
454,Shell,0,0,0,0,0,0,0.359853,0
455,Weighted,0,0,0,0,0,0,0.338431,0
456,Fresh,0,0,0,0,0,0,0.348324,0
457,Explore,0,0,0,0,0,0,0.342098,0
458,Refine,0,0,0,0,0,0,0.487526,0
459,Block,0,0,0,0,0,0,0.343738,0
460,Shell,0,0,0,0,0,0,0.340347,0
461,Weighted,0,0,0,0,0,0,0.341634,0
462,Fresh,0,0,0,0,0,0,0.322059,0
463,Explore,0,0,0,0,0,0,0.336494,0
464,Refine,0,0,0,0,0,0,0.501225,0
465,Block,0,0,0,0,0,0,0.339833,0
466,Shell,0,0,0,0,0,0,0.336517,0
467,Weighted,0,0,0,0,0,0,0.32928,0
468,Fresh,0,0,0,0,0,0,0.332592,0
469,Explore,0,0,0,0,0,0,0.321261,0
470,Refine,0,0,0,0,0,0,0.488387,0
471,Block,0,0,0,0,0,0,0.336254,0
472,Shell,0,0,0,0,0,0,0.337618,0
473,Weighted,0,0,0,0,0,0,0.347775,0
474,Fresh,0,0,0,0,0,0,0.313718,0
475,Explore,0,0,0,0,0,0,0.300383,0
476,Refine,0,0,0,0,0,0,0.488364,0
477,Block,0,0,0,0,0,0,0.337426,0
478,Shell,0,0,0,0,0,0,0.336909,0
479,Weighted,0,0,0,0,0,0,0.325477,0
480,Fresh,0,0,0,0,0,0,0.40347,0
481,Explore,0,0,0,0,0,0,0.324991,0
482,Refine,0,0,0,0,0,0,0.493887,0
483,Block,0,0,0,0,0,0,0.36284,0
484,Shell,0,0,0,0,0,0,0.336077,0
485,Weighted,0,0,0,0,0,0,0.348307,0
486,Fresh,0,0,0,0,0,0,0.35018,0
487,Explore,0,0,0,0,0,0,0.329485,0
488,Refine,0,0,0,0,0,0,0.493433,0
489,Block,0,0,0,0,0,0,0.338163,0
490,Shell,0,0,0,0,0,0,0.340213,0
491,Weighted,0,0,0,0,0,0,0.356962,0
492,Fresh,0,0,0,0,0,0,0.352397,0
493,Explore,0,0,0,0,0,0,0.350409,0
494,Refine,0,0,0,0,0,0,0.507632,0
495,Block,0,0,0,0,0,0,0.338901,0
496,Shell,0,0,0,0,0,0,0.337203,0
497,Weighted,0,0,0,0,0,0,0.34228,0
498,Fresh,0,0,0,0,0,0,0.322779,0
499,Explore,0,0,0,0,0,0,0.334182,0
500,Refine,0,0,0,0,0,0,0.509011,0
501,Block,0,0,0,0,0,0,0.381462,0
502,Shell,0,0,0,0,0,0,0.353829,0
503,Weighted,0,0,0,0,0,0,0.368693,0
504,Fresh,0,0,0,0,0,0,0.317352,0
505,Explore,0,0,0,0,0,0,0.333045,0
506,Refine,0,0,0,0,0,0,0.496838,0
507,Block,0,0,0,0,0,0,0.339907,0
508,Shell,0,0,0,0,0,0,0.34407,0
509,Weighted,0,0,0,0,0,0,0.331841,0
510,Fresh,0,0,0,0,0,0,0.338899,0
511,Explore,0,0,0,0,0,0,0.359416,0
512,Refine,0,0,0,0,0,0,0.499466,0
513,Block,0,0,0,0,0,0,0.341683,0
514,Shell,0,0,0,0,0,0,0.341163,0
515,Weighted,0,0,0,0,0,0,0.338837,0
516,Fresh,0,0,0,0,0,0,0.326043,0
517,Explore,0,0,0,0,0,0,0.322766,0
518,Refine,0,0,0,0,0,0,0.495725,0
519,Block,0,0,0,0,0,0,0.337097,0
520,Shell,0,0,0,0,0,0,0.349571,0
521,Weighted,0,0,0,0,0,0,0.331016,0
522,Fresh,0,0,0,0,0,0,0.326491,0
523,Explore,0,0,0,0,0,0,0.326041,0
524,Refine,0,0,0,0,0,0,0.497898,0
525,Block,0,0,0,0,0,0,0.338201,0
526,Shell,0,0,0,0,0,0,0.339631,0
527,Weighted,0,0,0,0,0,0,0.325252,0
528,Fresh,0,0,0,0,0,0,0.347723,0
529,Explore,0,0,0,0,0,0,0.305062,0
530,Refine,0,0,0,0,0,0,0.507093,0
531,Block,0,0,0,0,0,0,0.341567,0
532,Shell,0,0,0,0,0,0,0.344283,0
533,Weighted,0,0,0,0,0,0,0.330644,0
534,Fresh,0,0,0,0,0,0,0.342,0
535,Explore,0,0,0,0,0,0,0.318143,0
536,Refine,0,0,0,0,0,0,0.524175,0
537,Block,0,0,0,0,0,0,0.401007,0
538,Shell,0,0,0,0,0,0,0.388047,0
539,Weighted,0,0,0,0,0,0,0.319523,0
540,Fresh,0,0,0,0,0,0,0.334168,0
541,Explore,0,0,0,0,0,0,0.338184,0
542,Refine,0,0,0,0,0,0,0.495766,0
543,Block,0,0,0,0,0,0,0.338991,0
544,Shell,0,0,0,0,0,0,0.336991,0
545,Weighted,0,0,0,0,0,0,0.324565,0
546,Fresh,0,0,0,0,0,0,0.312669,0
547,Explore,0,0,0,0,0,0,0.313274,0
548,Refine,0,0,0,0,0,0,0.486056,0
549,Block,0,0,0,0,0,0,0.344662,0
550,Shell,0,0,0,0,0,0,0.341586,0
551,Weighted,0,0,0,0,0,0,0.329351,0
552,Fresh,0,0,0,0,0,0,0.346063,0
553,Explore,0,0,0,0,0,0,0.32544,0
554,Refine,0,0,0,0,0,0,0.505092,0
555,Block,0,0,0,0,0,0,0.339564,0
556,Shell,0,0,0,0,0,0,0.355092,0
557,Weighted,0,0,0,0,0,0,0.327358,0
558,Fresh,0,0,0,0,0,0,0.335424,0
559,Explore,0,0,0,0,0,0,0.34739,0
560,Refine,0,0,0,0,0,0,0.532477,0
561,Block,0,0,0,0,0,0,0.343077,0
562,Shell,0,0,0,0,0,0,0.344515,0
563,Weighted,0,0,0,0,0,0,0.334784,0
564,Fresh,0,0,0,0,0,0,0.306614,0
565,Explore,0,0,0,0,0,0,0.368513,0
566,Refine,0,0,0,0,0,0,0.492964,0
567,Block,0,0,0,0,0,0,0.344802,0
568,Shell,0,0,0,0,0,0,0.342587,0
569,Weighted,0,0,0,0,0,0,0.322478,0
570,Fresh,0,0,0,0,0,0,0.334162,0
571,Explore,0,0,0,0,0,0,0.340334,0
572,Refine,0,0,0,0,0,0,0.499511,0
573,Block,0,0,0,0,0,0,0.350062,0
574,Shell,0,0,0,0,0,0,0.338629,0
575,Weighted,0,0,0,0,0,0,0.320013,0
576,Fresh,0,0,0,0,0,0,0.30547,0
577,Explore,0,0,0,0,0,0,0.328316,0
578,Refine,0,0,0,0,0,0,0.471388,0
579,Block,0,0,0,0,0,0,0.336355,0
580,Shell,0,0,0,0,0,0,0.342734,0
581,Weighted,0,0,0,0,0,0,0.328,0
582,Fresh,0,0,0,0,0,0,0.338785,0
583,Explore,0,0,0,0,0,0,0.358869,0
584,Refine,0,0,0,0,0,0,0.480967,0
585,Block,0,0,0,0,0,0,0.346802,0
586,Shell,0,0,0,0,0,0,0.335292,0
587,Weighted,0,0,0,0,0,0,0.315088,0
588,Fresh,0,0,0,0,0,0,0.325279,0
589,Explore,0,0,0,0,0,0,0.328573,0
590,Refine,0,0,0,0,0,0,0.492458,0
591,Block,0,0,0,0,0,0,0.356401,0
592,Shell,0,0,0,0,0,0,0.397772,0
593,Weighted,0,0,0,0,0,0,0.32839,0
594,Fresh,0,0,0,0,0,0,0.355127,0
595,Explore,0,0,0,0,0,0,0.331081,0
596,Refine,0,0,0,0,0,0,0.507918,0
597,Block,0,0,0,0,0,0,0.355092,0
598,Shell,0,0,0,0,0,0,0.355321,0
599,Weighted,0,0,0,0,0,0,0.327708,0
600,Fresh,0,0,0,0,0,0,0.307072,0
601,Explore,0,0,0,0,0,0,0.326719,0
602,Refine,0,0,0,0,0,0,0.497957,0
603,Block,0,0,0,0,0,0,0.336447,0
604,Shell,0,0,0,0,0,0,0.33817,0
605,Weighted,0,0,0,0,0,0,0.299505,0
606,Fresh,0,0,0,0,0,0,0.341487,0
607,Explore,0,0,0,0,0,0,0.324815,0
608,Refine,0,0,0,0,0,0,0.487703,0
609,Block,0,0,0,0,0,0,0.344071,0
610,Shell,0,0,0,0,0,0,0.341969,0
611,Weighted,0,0,0,0,0,0,0.327902,0
612,Fresh,0,0,0,0,0,0,0.293206,0
613,Explore,0,0,0,0,0,0,0.301899,0
614,Refine,0,0,0,0,0,0,0.478815,0
615,Block,0,0,0,0,0,0,0.339966,0
616,Shell,0,0,0,0,0,0,0.349415,0
617,Weighted,0,0,0,0,0,0,0.333677,0
618,Fresh,0,0,0,0,0,0,0.33203,0
619,Explore,0,0,0,0,0,0,0.296936,0
620,Refine,0,0,0,0,0,0,0.496435,0
621,Block,0,0,0,0,0,0,0.338034,0
622,Shell,0,0,0,0,0,0,0.336189,0
623,Weighted,0,0,0,0,0,0,0.312351,0
624,Fresh,0,0,0,0,0,0,0.303364,0
625,Explore,0,0,0,0,0,0,0.31288,0
626,Refine,0,0,0,0,0,0,0.485041,0
627,Block,0,0,0,0,0,0,0.340728,0
628,Shell,0,0,0,0,0,0,0.337895,0
629,Weighted,0,0,0,0,0,0,0.337665,0
630,Fresh,0,0,0,0,0,0,0.325521,0
631,Explore,0,0,0,0,0,0,0.315827,0
632,Refine,0,0,0,0,0,0,0.49819,0
633,Block,0,0,0,0,0,0,0.337683,0
634,Shell,0,0,0,0,0,0,0.342596,0
635,Weighted,0,0,0,0,0,0,0.315585,0
636,Fresh,0,0,0,0,0,0,0.313579,0
637,Explore,0,0,0,0,0,0,0.304462,0
638,Refine,0,0,0,0,0,0,0.494208,0
639,Block,0,0,0,0,0,0,0.338378,0
640,Shell,0,0,0,0,0,0,0.339002,0
641,Weighted,0,0,0,0,0,0,0.359134,0
642,Fresh,0,0,0,0,0,0,0.337181,0
643,Explore,0,0,0,0,0,0,0.322335,0
644,Refine,0,0,0,0,0,0,0.560419,0
645,Block,0,0,0,0,0,0,0.338094,0
646,Shell,0,0,0,0,0,0,0.335203,0
647,Weighted,0,0,0,0,0,0,0.31631,0
648,Fresh,0,0,0,0,0,0,0.29644,0
649,Explore,0,0,0,0,0,0,0.327484,0
650,Refine,0,0,0,0,0,0,0.507884,0
651,Block,0,0,0,0,0,0,0.382163,0
652,Shell,0,0,0,0,0,0,0.342535,0
653,Weighted,0,0,0,0,0,0,0.330605,0
654,Fresh,0,0,0,0,0,0,0.329466,0
655,Explore,0,0,0,0,0,0,0.342168,0
656,Refine,0,0,0,0,0,0,0.521158,0
657,Block,0,0,0,0,0,0,0.363328,0
658,Shell,0,0,0,0,0,0,0.34391,0
659,Weighted,0,0,0,0,0,0,0.304347,0
660,Fresh,0,0,0,0,0,0,0.320564,0
661,Explore,0,0,0,0,0,0,0.332052,0
662,Refine,0,0,0,0,0,0,0.508139,0
663,Block,0,0,0,0,0,0,0.346366,0
664,Shell,0,0,0,0,0,0,0.344859,0
665,Weighted,0,0,0,0,0,0,0.346525,0
666,Fresh,0,0,0,0,0,0,0.355236,0
667,Explore,0,0,0,0,0,0,0.323589,0
668,Refine,0,0,0,0,0,0,0.495146,0
669,Block,0,0,0,0,0,0,0.34416,0
670,Shell,0,0,0,0,0,0,0.341498,0
671,Weighted,0,0,0,0,0,0,0.339501,0
672,Fresh,0,0,0,0,0,0,0.34477,0
673,Explore,0,0,0,0,0,0,0.327993,0
674,Refine,0,0,0,0,0,0,0.512033,0
675,Block,0,0,0,0,0,0,0.341286,0
676,Shell,0,0,0,0,0,0,0.343191,0
677,Weighted,0,0,0,0,0,0,0.334928,0
678,Fresh,0,0,0,0,0,0,0.330886,0
679,Explore,0,0,0,0,0,0,0.336855,0
680,Refine,0,0,0,0,0,0,0.492571,0
681,Block,0,0,0,0,0,0,0.341602,0
682,Shell,0,0,0,0,0,0,0.340328,0
683,Weighted,0,0,0,0,0,0,0.323854,0
684,Fresh,0,0,0,0,0,0,0.309601,0
685,Explore,0,0,0,0,0,0,0.327879,0
686,Refine,0,0,0,0,0,0,0.503642,0
687,Block,0,0,0,0,0,0,0.34379,0
688,Shell,0,0,0,0,0,0,0.341647,0
689,Weighted,0,0,0,0,0,0,0.343181,0
690,Fresh,0,0,0,0,0,0,0.343974,0
691,Explore,0,0,0,0,0,0,0.338425,0
692,Refine,0,0,0,0,0,0,0.515258,0
693,Block,0,0,0,0,0,0,0.343372,0
694,Shell,0,0,0,0,0,0,0.344101,0
695,Weighted,0,0,0,0,0,0,0.339532,0
696,Fresh,0,0,0,0,0,0,0.341449,0
697,Explore,0,0,0,0,0,0,0.370648,0
698,Refine,0,0,0,0,0,0,0.497598,0
699,Block,0,0,0,0,0,0,0.344545,0
700,Shell,0,0,0,0,0,0,0.343726,0
701,Weighted,0,0,0,0,0,0,0.345371,0
702,Fresh,0,0,0,0,0,0,0.330473,0
703,Explore,0,0,0,0,0,0,0.338104,0
704,Refine,0,0,0,0,0,0,0.489763,0
705,Block,0,0,0,0,0,0,0.341236,0
706,Shell,0,0,0,0,0,0,0.343762,0
707,Weighted,0,0,0,0,0,0,0.324649,0
708,Fresh,0,0,0,0,0,0,0.305969,0
709,Explore,0,0,0,0,0,0,0.332873,0
710,Refine,0,0,0,0,0,0,0.501758,0
711,Block,0,0,0,0,0,0,0.345192,0
712,Shell,0,0,0,0,0,0,0.343828,0
713,Weighted,0,0,0,0,0,0,0.3095,0
714,Fresh,0,0,0,0,0,0,0.312814,0
715,Explore,0,0,0,0,0,0,0.320642,0
716,Refine,0,0,0,0,0,0,0.507955,0
717,Block,0,0,0,0,0,0,0.345615,0
718,Shell,0,0,0,0,0,0,0.344003,0
719,Weighted,0,0,0,0,0,0,0.325305,0
720,Fresh,0,0,0,0,0,0,0.345171,0
721,Explore,0,0,0,0,0,0,0.333845,0
722,Refine,0,0,0,0,0,0,0.52413,0
723,Block,0,0,0,0,0,0,0.343181,0
724,Shell,0,0,0,0,0,0,0.34474,0
725,Weighted,0,0,0,0,0,0,0.345867,0
726,Fresh,0,0,0,0,0,0,0.322681,0
727,Explore,0,0,0,0,0,0,0.336455,0
728,Refine,0,0,0,0,0,0,0.505952,0
729,Block,0,0,0,0,0,0,0.341116,0
730,Shell,0,0,0,0,0,0,0.338368,0
731,Weighted,0,0,0,0,0,0,0.338681,0
732,Fresh,0,0,0,0,0,0,0.308949,0
733,Explore,0,0,0,0,0,0,0.317283,0
734,Refine,0,0,0,0,0,0,0.498848,0
735,Block,0,0,0,0,0,0,0.343811,0
736,Shell,0,0,0,0,0,0,0.342031,0
737,Weighted,0,0,0,0,0,0,0.297108,0
738,Fresh,0,0,0,0,0,0,0.369606,0
739,Explore,0,0,0,0,0,0,0.308089,0
740,Refine,0,0,0,0,0,0,0.503405,0
741,Block,0,0,0,0,0,0,0.345003,0
742,Shell,0,0,0,0,0,0,0.341369,0
743,Weighted,0,0,0,0,0,0,0.32585,0
744,Fresh,0,0,0,0,0,0,0.348313,0
745,Explore,0,0,0,0,0,0,0.320114,0
746,Refine,0,0,0,0,0,0,0.469425,0
747,Block,0,0,0,0,0,0,0.340767,0
748,Shell,0,0,0,0,0,0,0.345229,0
749,Weighted,0,0,0,0,0,0,0.317725,0
750,Fresh,0,0,0,0,0,0,0.336116,0
751,Explore,0,0,0,0,0,0,0.316699,0
752,Refine,0,0,0,0,0,0,0.50632,0
753,Block,0,0,0,0,0,0,0.337757,0
754,Shell,0,0,0,0,0,0,0.339193,0
755,Weighted,0,0,0,0,0,0,0.338478,0
756,Fresh,0,0,0,0,0,0,0.337702,0
757,Explore,0,0,0,0,0,0,0.33563,0
758,Refine,0,0,0,0,0,0,0.497765,0
759,Block,0,0,0,0,0,0,0.338187,0
760,Shell,0,0,0,0,0,0,0.338834,0
761,Weighted,0,0,0,0,0,0,0.305863,0
762,Fresh,0,0,0,0,0,0,0.33445,0
763,Explore,0,0,0,0,0,0,0.31711,0
764,Refine,0,0,0,0,0,0,0.486879,0
765,Block,0,0,0,0,0,0,0.337617,0
766,Shell,0,0,0,0,0,0,0.338331,0
767,Weighted,0,0,0,0,0,0,0.33394,0
768,Fresh,0,0,0,0,0,0,0.320828,0
769,Explore,0,0,0,0,0,0,0.33613,0
770,Refine,0,0,0,0,0,0,0.486422,0
771,Block,0,0,0,0,0,0,0.339917,0
772,Shell,0,0,0,0,0,0,0.340419,0
773,Weighted,0,0,0,0,0,0,0.323508,0
774,Fresh,0,0,0,0,0,0,0.329977,0
775,Explore,0,0,0,0,0,0,0.336236,0
776,Refine,0,0,0,0,0,0,0.499615,0
777,Block,0,0,0,0,0,0,0.341773,0
778,Shell,0,0,0,0,0,0,0.339644,0
779,Weighted,0,0,0,0,0,0,0.32111,0
780,Fresh,0,0,0,0,0,0,0.338389,0
781,Explore,0,0,0,0,0,0,0.32248,0
782,Refine,0,0,0,0,0,0,0.502675,0
783,Block,0,0,0,0,0,0,0.339655,0
784,Shell,0,0,0,0,0,0,0.339243,0
785,Weighted,0,0,0,0,0,0,0.325042,0
786,Fresh,0,0,0,0,0,0,0.324385,0
787,Explore,0,0,0,0,0,0,0.341181,0
788,Refine,0,0,0,0,0,0,0.47424,0
789,Block,0,0,0,0,0,0,0.341114,0
790,Shell,0,0,0,0,0,0,0.34113,0
791,Weighted,0,0,0,0,0,0,0.329138,0
792,Fresh,0,0,0,0,0,0,0.34695,0
793,Explore,0,0,0,0,0,0,0.314889,0
794,Refine,0,0,0,0,0,0,0.483119,0
795,Block,0,0,0,0,0,0,0.34006,0
796,Shell,0,0,0,0,0,0,0.340482,0
797,Weighted,0,0,0,0,0,0,0.339432,0
798,Fresh,0,0,0,0,0,0,0.339642,0
799,Explore,0,0,0,0,0,0,0.326343,0
800,Refine,0,0,0,0,0,0,0.519058,0
801,Block,0,0,0,0,0,0,0.343292,0
802,Shell,0,0,0,0,0,0,0.34365,0
803,Weighted,0,0,0,0,0,0,0.325093,0
804,Fresh,0,0,0,0,0,0,0.336502,0
805,Explore,0,0,0,0,0,0,0.32341,0
806,Refine,0,0,0,0,0,0,0.504853,0
807,Block,0,0,0,0,0,0,0.34162,0
808,Shell,0,0,0,0,0,0,0.344281,0
809,Weighted,0,0,0,0,0,0,0.39058,0
810,Fresh,0,0,0,0,0,0,0.334972,0
811,Explore,0,0,0,0,0,0,0.306862,0
812,Refine,0,0,0,0,0,0,0.501304,0
813,Block,0,0,0,0,0,0,0.34412,0
814,Shell,0,0,0,0,0,0,0.342952,0
815,Weighted,0,0,0,0,0,0,0.341618,0
816,Fresh,0,0,0,0,0,0,0.359351,0
817,Explore,0,0,0,0,0,0,0.33158,0
818,Refine,0,0,0,0,0,0,0.523476,0
819,Block,0,0,0,0,0,0,0.342391,0
820,Shell,0,0,0,0,0,0,0.345056,0
821,Weighted,0,0,0,0,0,0,0.357973,0
822,Fresh,0,0,0,0,0,0,0.314171,0
823,Explore,0,0,0,0,0,0,0.315087,0
824,Refine,0,0,0,0,0,0,0.496197,0
825,Block,0,0,0,0,0,0,0.359438,0
826,Shell,0,0,0,0,0,0,0.343103,0
827,Weighted,0,0,0,0,0,0,0.328206,0
828,Fresh,0,0,0,0,0,0,0.333336,0
829,Explore,0,0,0,0,0,0,0.322915,0
830,Refine,0,0,0,0,0,0,0.510593,0
831,Block,0,0,0,0,0,0,0.360481,0
832,Shell,0,0,0,0,0,0,0.33974,0
833,Weighted,0,0,0,0,0,0,0.322923,0
834,Fresh,0,0,0,0,0,0,0.305229,0
835,Explore,0,0,0,0,0,0,0.332612,0
836,Refine,0,0,0,0,0,0,0.485576,0
837,Block,0,0,0,0,0,0,0.340473,0
838,Shell,0,0,0,0,0,0,0.341278,0
839,Weighted,0,0,0,0,0,0,0.327119,0
840,Fresh,0,0,0,0,0,0,0.321103,0
841,Explore,0,0,0,0,0,0,0.328918,0
842,Refine,0,0,0,0,0,0,0.483102,0
843,Block,0,0,0,0,0,0,0.343521,0
844,Shell,0,0,0,0,0,0,0.341023,0
845,Weighted,0,0,0,0,0,0,0.32234,0
846,Fresh,0,0,0,0,0,0,0.3477,0
847,Explore,0,0,0,0,0,0,0.321796,0
848,Refine,0,0,0,0,0,0,0.491673,0
849,Block,0,0,0,0,0,0,0.342119,0
850,Shell,0,0,0,0,0,0,0.341871,0
851,Weighted,0,0,0,0,0,0,0.331941,0
852,Fresh,0,0,0,0,0,0,0.328827,0
853,Explore,0,0,0,0,0,0,0.316786,0
854,Refine,0,0,0,0,0,0,0.491729,0
855,Block,0,0,0,0,0,0,0.343703,0
856,Shell,0,0,0,0,0,0,0.342463,0
857,Weighted,0,0,0,0,0,0,0.342253,0
858,Fresh,0,0,0,0,0,0,0.317495,0
859,Explore,0,0,0,0,0,0,0.320638,0
860,Refine,0,0,0,0,0,0,0.491026,0
861,Block,0,0,0,0,0,0,0.340426,0
862,Shell,0,0,0,0,0,0,0.343488,0
863,Weighted,0,0,0,0,0,0,0.320839,0
864,Fresh,0,0,0,0,0,0,0.336159,0
865,Explore,0,0,0,0,0,0,0.315769,0
866,Refine,0,0,0,0,0,0,0.490411,0
867,Block,0,0,0,0,0,0,0.340584,0
868,Shell,0,0,0,0,0,0,0.340509,0
869,Weighted,0,0,0,0,0,0,0.312439,0
870,Fresh,0,0,0,0,0,0,0.328619,0
871,Explore,0,0,0,0,0,0,0.323795,0
872,Refine,0,0,0,0,0,0,0.507613,0
873,Block,0,0,0,0,0,0,0.340025,0
874,Shell,0,0,0,0,0,0,0.346098,0
875,Weighted,0,0,0,0,0,0,0.349167,0
876,Fresh,0,0,0,0,0,0,0.337732,0
877,Explore,0,0,0,0,0,0,0.326205,0
878,Refine,0,0,0,0,0,0,0.498795,0
879,Block,0,0,0,0,0,0,0.338842,0
880,Shell,0,0,0,0,0,0,0.341322,0
881,Weighted,0,0,0,0,0,0,0.32745,0
882,Fresh,0,0,0,0,0,0,0.330997,0
883,Explore,0,0,0,0,0,0,0.338087,0
884,Refine,0,0,0,0,0,0,0.502629,0
885,Block,0,0,0,0,0,0,0.358168,0
886,Shell,0,0,0,0,0,0,0.341068,0
887,Weighted,0,0,0,0,0,0,0.336929,0
888,Fresh,0,0,0,0,0,0,0.318067,0
889,Explore,0,0,0,0,0,0,0.333498,0
890,Refine,0,0,0,0,0,0,0.510019,0
891,Block,0,0,0,0,0,0,0.342056,0
892,Shell,0,0,0,0,0,0,0.361172,0
893,Weighted,0,0,0,0,0,0,0.345174,0
894,Fresh,0,0,0,0,0,0,0.319859,0
895,Explore,0,0,0,0,0,0,0.329031,0
896,Refine,0,0,0,0,0,0,0.519358,0
897,Block,0,0,0,0,0,0,0.339718,0
898,Shell,0,0,0,0,0,0,0.349383,0
899,Weighted,0,0,0,0,0,0,0.331311,0
900,Fresh,0,0,0,0,0,0,0.371553,0
901,Explore,0,0,0,0,0,0,0.339247,0
902,Refine,0,0,0,0,0,0,0.49161,0
903,Block,0,0,0,0,0,0,0.341444,0
904,Shell,0,0,0,0,0,0,0.337272,0
905,Weighted,0,0,0,0,0,0,0.310065,0
906,Fresh,0,0,0,0,0,0,0.294905,0
907,Explore,0,0,0,0,0,0,0.313194,0
908,Refine,0,0,0,0,0,0,0.534408,0
909,Block,0,0,0,0,0,0,0.339535,0
910,Shell,0,0,0,0,0,0,0.342751,0
911,Weighted,0,0,0,0,0,0,0.33328,0
912,Fresh,0,0,0,0,0,0,0.330204,0
913,Explore,0,0,0,0,0,0,0.318877,0
914,Refine,0,0,0,0,0,0,0.483875,0
915,Block,0,0,0,0,0,0,0.337994,0
916,Shell,0,0,0,0,0,0,0.342518,0
917,Weighted,0,0,0,0,0,0,0.325711,0
918,Fresh,0,0,0,0,0,0,0.323156,0
919,Explore,0,0,0,0,0,0,0.325622,0
920,Refine,0,0,0,0,0,0,0.493223,0
921,Block,0,0,0,0,0,0,0.337361,0
922,Shell,0,0,0,0,0,0,0.338055,0
923,Weighted,0,0,0,0,0,0,0.319759,0
924,Fresh,0,0,0,0,0,0,0.316448,0
925,Explore,0,0,0,0,0,0,0.312918,0
926,Refine,0,0,0,0,0,0,0.532334,0
927,Block,0,0,0,0,0,0,0.339919,0
928,Shell,0,0,0,0,0,0,0.35557,0
929,Weighted,0,0,0,0,0,0,0.347086,0
930,Fresh,0,0,0,0,0,0,0.313357,0
931,Explore,0,0,0,0,0,0,0.320135,0
932,Refine,0,0,0,0,0,0,0.506149,0
933,Block,0,0,0,0,0,0,0.336614,0
934,Shell,0,0,0,0,0,0,0.355715,0
935,Weighted,0,0,0,0,0,0,0.364084,0
936,Fresh,0,0,0,0,0,0,0.328715,0
937,Explore,0,0,0,0,0,0,0.340592,0
938,Refine,0,0,0,0,0,0,0.512702,0
939,Block,0,0,0,0,0,0,0.363558,0
940,Shell,0,0,0,0,0,0,0.343075,0
941,Weighted,0,0,0,0,0,0,0.347827,0
942,Fresh,0,0,0,0,0,0,0.329196,0
943,Explore,0,0,0,0,0,0,0.302973,0
944,Refine,0,0,0,0,0,0,0.471402,0
945,Block,0,0,0,0,0,0,0.338752,0
946,Shell,0,0,0,0,0,0,0.344555,0
947,Weighted,0,0,0,0,0,0,0.368346,0
948,Fresh,0,0,0,0,0,0,0.301367,0
949,Explore,0,0,0,0,0,0,0.322735,0
950,Refine,0,0,0,0,0,0,0.50859,0
951,Block,0,0,0,0,0,0,0.339795,0
952,Shell,0,0,0,0,0,0,0.340105,0
953,Weighted,0,0,0,0,0,0,0.32771,0
954,Fresh,0,0,0,0,0,0,0.324719,0
955,Explore,0,0,0,0,0,0,0.334927,0
956,Refine,0,0,0,0,0,0,0.502364,0
957,Block,0,0,0,0,0,0,0.340542,0
958,Shell,0,0,0,0,0,0,0.34538,0
959,Weighted,0,0,0,0,0,0,0.33648,0
960,Fresh,0,0,0,0,0,0,0.333258,0
961,Explore,0,0,0,0,0,0,0.327621,0
962,Refine,0,0,0,0,0,0,0.504687,0
963,Block,0,0,0,0,0,0,0.342527,0
964,Shell,0,0,0,0,0,0,0.343492,0
965,Weighted,0,0,0,0,0,0,0.330002,0
966,Fresh,0,0,0,0,0,0,0.337874,0
967,Explore,0,0,0,0,0,0,0.346861,0
968,Refine,0,0,0,0,0,0,0.494981,0
969,Block,0,0,0,0,0,0,0.362723,0
970,Shell,0,0,0,0,0,0,0.344996,0
971,Weighted,0,0,0,0,0,0,0.379306,0
972,Fresh,0,0,0,0,0,0,0.344365,0
973,Explore,0,0,0,0,0,0,0.33999,0
974,Refine,0,0,0,0,0,0,0.533093,0
975,Block,0,0,0,0,0,0,0.37309,0
976,Shell,0,0,0,0,0,0,0.339192,0
977,Weighted,0,0,0,0,0,0,0.33717,0
978,Fresh,0,0,0,0,0,0,0.31632,0
979,Explore,0,0,0,0,0,0,0.309835,0
980,Refine,0,0,0,0,0,0,0.504906,0
981,Block,0,0,0,0,0,0,0.342729,0
982,Shell,0,0,0,0,0,0,0.34279,0
983,Weighted,0,0,0,0,0,0,0.324602,0
984,Fresh,0,0,0,0,0,0,0.319905,0
985,Explore,0,0,0,0,0,0,0.319712,0
986,Refine,0,0,0,0,0,0,0.496582,0
987,Block,0,0,0,0,0,0,0.383128,0
988,Shell,0,0,0,0,0,0,0.34209,0
989,Weighted,0,0,0,0,0,0,0.322233,0
990,Fresh,0,0,0,0,0,0,0.34288,0
991,Explore,0,0,0,0,0,0,0.361979,0
992,Refine,0,0,0,0,0,0,0.54034,0
993,Block,0,0,0,0,0,0,0.340014,0
994,Shell,0,0,0,0,0,0,0.340789,0
995,Weighted,0,0,0,0,0,0,0.316554,0
996,Fresh,0,0,0,0,0,0,0.309328,0
997,Explore,0,0,0,0,0,0,0.31982,0
998,Refine,0,0,0,0,0,0,0.482355,0
999,Block,0,0,0,0,0,0,0.342891,0
1000,Shell,0,0,0,0,0,0,0.350728,0
1001,Weighted,0,0,0,0,0,0,0.32231,0
1002,Fresh,0,0,0,0,0,0,0.329709,0
1003,Explore,0,0,0,0,0,0,0.338243,0
1004,Refine,0,0,0,0,0,0,0.514022,0
1005,Block,0,0,0,0,0,0,0.342593,0
1006,Shell,0,0,0,0,0,0,0.356662,0
1007,Weighted,0,0,0,0,0,0,0.346808,0
1008,Fresh,0,0,0,0,0,0,0.357817,0
1009,Explore,0,0,0,0,0,0,0.357975,0
1010,Refine,0,0,0,0,0,0,0.496721,0
1011,Block,0,0,0,0,0,0,0.342227,0
1012,Shell,0,0,0,0,0,0,0.343785,0
1013,Weighted,0,0,0,0,0,0,0.336222,0
1014,Fresh,0,0,0,0,0,0,0.341269,0
1015,Explore,0,0,0,0,0,0,0.324552,0
1016,Refine,0,0,0,0,0,0,0.548659,0
1017,Block,0,0,0,0,0,0,0.353703,0
1018,Shell,0,0,0,0,0,0,0.343222,0
1019,Weighted,0,0,0,0,0,0,0.337716,0
1020,Fresh,0,0,0,0,0,0,0.33375,0
1021,Explore,0,0,0,0,0,0,0.343415,0
1022,Refine,0,0,0,0,0,0,0.484749,0
1023,Block,0,0,0,0,0,0,0.34924,0
1024,Shell,0,0,0,0,0,0,0.339888,0
1025,Weighted,0,0,0,0,0,0,0.324752,0
1026,Fresh,0,0,0,0,0,0,0.332822,0
1027,Explore,0,0,0,0,0,0,0.330221,0
1028,Refine,0,0,0,0,0,0,0.519223,0
1029,Block,0,0,0,0,0,0,0.341263,0
1030,Shell,0,0,0,0,0,0,0.356572,0
1031,Weighted,0,0,0,0,0,0,0.345706,0
1032,Fresh,0,0,0,0,0,0,0.377582,0
1033,Explore,0,0,0,0,0,0,0.319433,0
1034,Refine,0,0,0,0,0,0,0.514844,0
1035,Block,0,0,0,0,0,0,0.341422,0
1036,Shell,0,0,0,0,0,0,0.343196,0
1037,Weighted,0,0,0,0,0,0,0.339517,0
1038,Fresh,0,0,0,0,0,0,0.386974,0
1039,Explore,0,0,0,0,0,0,0.349607,0
1040,Refine,0,0,0,0,0,0,0.515567,0
1041,Block,0,0,0,0,0,0,0.341439,0
1042,Shell,0,0,0,0,0,0,0.345102,0
1043,Weighted,0,0,0,0,0,0,0.334581,0
1044,Fresh,0,0,0,0,0,0,0.315873,0
1045,Explore,0,0,0,0,0,0,0.314794,0
1046,Refine,0,0,0,0,0,0,0.484467,0
1047,Block,0,0,0,0,0,0,0.345148,0
1048,Shell,0,0,0,0,0,0,0.344536,0
1049,Weighted,0,0,0,0,0,0,0.339358,0
1050,Fresh,0,0,0,0,0,0,0.318403,0
1051,Explore,0,0,0,0,0,0,0.304519,0
1052,Refine,0,0,0,0,0,0,0.511157,0
1053,Block,0,0,0,0,0,0,0.343676,0
1054,Shell,0,0,0,0,0,0,0.345756,0
1055,Weighted,0,0,0,0,0,0,0.317534,0
1056,Fresh,0,0,0,0,0,0,0.323029,0
1057,Explore,0,0,0,0,0,0,0.34082,0
1058,Refine,0,0,0,0,0,0,0.522691,0
1059,Block,0,0,0,0,0,0,0.34338,0
1060,Shell,0,0,0,0,0,0,0.345602,0
1061,Weighted,0,0,0,0,0,0,0.309371,0
1062,Fresh,0,0,0,0,0,0,0.365721,0
1063,Explore,0,0,0,0,0,0,0.31382,0
1064,Refine,0,0,0,0,0,0,0.490106,0
1065,Block,0,0,0,0,0,0,0.344673,0
1066,Shell,0,0,0,0,0,0,0.378168,0
1067,Weighted,0,0,0,0,0,0,0.324338,0
1068,Fresh,0,0,0,0,0,0,0.36518,0
1069,Explore,0,0,0,0,0,0,0.354829,0
1070,Refine,0,0,0,0,0,0,0.500961,0
1071,Block,0,0,0,0,0,0,0.388141,0
1072,Shell,0,0,0,0,0,0,0.350513,0
1073,Weighted,0,0,0,0,0,0,0.317961,0
1074,Fresh,0,0,0,0,0,0,0.368604,0
1075,Explore,0,0,0,0,0,0,0.333458,0
1076,Refine,0,0,0,0,0,0,0.504955,0
1077,Block,0,0,0,0,0,0,0.390358,0
1078,Shell,0,0,0,0,0,0,0.360511,0
1079,Weighted,0,0,0,0,0,0,0.347972,0
1080,Fresh,0,0,0,0,0,0,0.338831,0
1081,Explore,0,0,0,0,0,0,0.325034,0
1082,Refine,0,0,0,0,0,0,0.515179,0
1083,Block,0,0,0,0,0,0,0.378316,0
1084,Shell,0,0,0,0,0,0,0.36052,0
1085,Weighted,0,0,0,0,0,0,0.331547,0
1086,Fresh,0,0,0,0,0,0,0.327723,0
1087,Explore,0,0,0,0,0,0,0.350629,0
1088,Refine,0,0,0,0,0,0,0.500085,0
1089,Block,0,0,0,0,0,0,0.378834,0
1090,Shell,0,0,0,0,0,0,0.347415,0
1091,Weighted,0,0,0,0,0,0,0.342162,0
1092,Fresh,0,0,0,0,0,0,0.363443,0
1093,Explore,0,0,0,0,0,0,0.322052,0
1094,Refine,0,0,0,0,0,0,0.497176,0
1095,Block,0,0,0,0,0,0,0.381752,0
1096,Shell,0,0,0,0,0,0,0.352197,0
1097,Weighted,0,0,0,0,0,0,0.330281,0
1098,Fresh,0,0,0,0,0,0,0.373799,0
1099,Explore,0,0,0,0,0,0,0.35586,0
1100,Refine,0,0,0,0,0,0,0.537019,0
1101,Block,0,0,0,0,0,0,0.350667,0
1102,Shell,0,0,0,0,0,0,0.352896,0
1103,Weighted,0,0,0,0,0,0,0.383099,0
1104,Fresh,0,0,0,0,0,0,0.349367,0
1105,Explore,0,0,0,0,0,0,0.350535,0
1106,Refine,0,0,0,0,0,0,0.551928,0
1107,Block,0,0,0,0,0,0,0.354361,0
1108,Shell,0,0,0,0,0,0,0.368886,0
1109,Weighted,0,0,0,0,0,0,0.347538,0
1110,Fresh,0,0,0,0,0,0,0.332884,0
1111,Explore,0,0,0,0,0,0,0.315292,0
1112,Refine,0,0,0,0,0,0,0.489986,0
1113,Block,0,0,0,0,0,0,0.339943,0
1114,Shell,0,0,0,0,0,0,0.338218,0
1115,Weighted,0,0,0,0,0,0,0.311212,0
1116,Fresh,0,0,0,0,0,0,0.388085,0
1117,Explore,0,0,0,0,0,0,0.335922,0
1118,Refine,0,0,0,0,0,0,0.507251,0
1119,Block,0,0,0,0,0,0,0.34422,0
1120,Shell,0,0,0,0,0,0,0.339748,0
1121,Weighted,0,0,0,0,0,0,0.331589,0
1122,Fresh,0,0,0,0,0,0,0.329782,0
1123,Explore,0,0,0,0,0,0,0.347096,0
1124,Refine,0,0,0,0,0,0,0.495337,0
1125,Block,0,0,0,0,0,0,0.346824,0
1126,Shell,0,0,0,0,0,0,0.34231,0
1127,Weighted,0,0,0,0,0,0,0.326689,0
1128,Fresh,0,0,0,0,0,0,0.347676,0
1129,Explore,0,0,0,0,0,0,0.309645,0
1130,Refine,0,0,0,0,0,0,0.493375,0
1131,Block,0,0,0,0,0,0,0.352133,0
1132,Shell,0,0,0,0,0,0,0.339046,0
1133,Weighted,0,0,0,0,0,0,0.327478,0
1134,Fresh,0,0,0,0,0,0,0.332744,0
1135,Explore,0,0,0,0,0,0,0.318909,0
1136,Refine,0,0,0,0,0,0,0.530438,0
1137,Block,0,0,0,0,0,0,0.342791,0
1138,Shell,0,0,0,0,0,0,0.342867,0
1139,Weighted,0,0,0,0,0,0,0.350368,0
1140,Fresh,0,0,0,0,0,0,0.346845,0
1141,Explore,0,0,0,0,0,0,0.328965,0
1142,Refine,0,0,0,0,0,0,0.50368,0
1143,Block,0,0,0,0,0,0,0.358654,0
1144,Shell,0,0,0,0,0,0,0.361078,0
1145,Weighted,0,0,0,0,0,0,0.317649,0
1146,Fresh,0,0,0,0,0,0,0.342914,0
1147,Explore,0,0,0,0,0,0,0.345809,0
1148,Refine,0,0,0,0,0,0,0.490633,0
1149,Block,0,0,0,0,0,0,0.36234,0
1150,Shell,0,0,0,0,0,0,0.346617,0
1151,Weighted,0,0,0,0,0,0,0.33161,0
1152,Fresh,0,0,0,0,0,0,0.32163,0
1153,Explore,0,0,0,0,0,0,0.316661,0
1154,Refine,0,0,0,0,0,0,0.480861,0
1155,Block,0,0,0,0,0,0,0.343574,0
1156,Shell,0,0,0,0,0,0,0.342913,0
1157,Weighted,0,0,0,0,0,0,0.323491,0
1158,Fresh,0,0,0,0,0,0,0.352254,0
1159,Explore,0,0,0,0,0,0,0.342371,0
1160,Refine,0,0,0,0,0,0,0.491622,0
1161,Block,0,0,0,0,0,0,0.346036,0
1162,Shell,0,0,0,0,0,0,0.344605,0
1163,Weighted,0,0,0,0,0,0,0.324183,0
1164,Fresh,0,0,0,0,0,0,0.348718,0
1165,Explore,0,0,0,0,0,0,0.331054,0
1166,Refine,0,0,0,0,0,0,0.484017,0
1167,Block,0,0,0,0,0,0,0.342042,0
1168,Shell,0,0,0,0,0,0,0.342336,0
1169,Weighted,0,0,0,0,0,0,0.339196,0
1170,Fresh,0,0,0,0,0,0,0.328079,0
1171,Explore,0,0,0,0,0,0,0.320074,0
1172,Refine,0,0,0,0,0,0,0.516609,0
1173,Block,0,0,0,0,0,0,0.351031,0
1174,Shell,0,0,0,0,0,0,0.343499,0
1175,Weighted,0,0,0,0,0,0,0.361892,0
1176,Fresh,0,0,0,0,0,0,0.382808,0
1177,Explore,0,0,0,0,0,0,0.324745,0
1178,Refine,0,0,0,0,0,0,0.484224,0
1179,Block,0,0,0,0,0,0,0.341084,0
1180,Shell,0,0,0,0,0,0,0.341158,0
1181,Weighted,0,0,0,0,0,0,0.352977,0
1182,Fresh,0,0,0,0,0,0,0.345988,0
1183,Explore,0,0,0,0,0,0,0.325255,0
1184,Refine,0,0,0,0,0,0,0.498184,0
1185,Block,0,0,0,0,0,0,0.346051,0
1186,Shell,0,0,0,0,0,0,0.346458,0
1187,Weighted,0,0,0,0,0,0,0.339279,0
1188,Fresh,0,0,0,0,0,0,0.318938,0
1189,Explore,0,0,0,0,0,0,0.33797,0
1190,Refine,0,0,0,0,0,0,0.516211,0
1191,Block,0,0,0,0,0,0,0.342475,0
1192,Shell,0,0,0,0,0,0,0.357219,0
1193,Weighted,0,0,0,0,0,0,0.347825,0
1194,Fresh,0,0,0,0,0,0,0.314233,0
1195,Explore,0,0,0,0,0,0,0.330922,0
1196,Refine,0,0,0,0,0,0,0.502216,0
1197,Block,0,0,0,0,0,0,0.345579,0
1198,Shell,0,0,0,0,0,0,0.358344,0
1199,Weighted,0,0,0,0,0,0,0.326455,0
1200,Fresh,0,0,0,0,0,0,0.313088,0
1201,Explore,0,0,0,0,0,0,0.338884,0
1202,Refine,0,0,0,0,0,0,0.476118,0
1203,Block,0,0,0,0,0,0,0.341626,0
1204,Shell,0,0,0,0,0,0,0.340177,0
1205,Weighted,0,0,0,0,0,0,0.324355,0
1206,Fresh,0,0,0,0,0,0,0.326795,0
1207,Explore,0,0,0,0,0,0,0.316342,0
1208,Refine,0,0,0,0,0,0,0.509281,0
1209,Block,0,0,0,0,0,0,0.345974,0
1210,Shell,0,0,0,0,0,0,0.38129,0
1211,Weighted,0,0,0,0,0,0,0.326914,0
1212,Fresh,0,0,0,0,0,0,0.330412,0
1213,Explore,0,0,0,0,0,0,0.316648,0
1214,Refine,0,0,0,0,0,0,0.49286,0
1215,Block,0,0,0,0,0,0,0.341662,0
1216,Shell,0,0,0,0,0,0,0.353603,0
1217,Weighted,0,0,0,0,0,0,0.33463,0
1218,Fresh,0,0,0,0,0,0,0.377135,0
1219,Explore,0,0,0,0,0,0,0.361407,0
1220,Refine,0,0,0,0,0,0,0.497166,0
1221,Block,0,0,0,0,0,0,0.342603,0
1222,Shell,0,0,0,0,0,0,0.355267,0
1223,Weighted,0,0,0,0,0,0,0.32095,0
1224,Fresh,0,0,0,0,0,0,0.338015,0
1225,Explore,0,0,0,0,0,0,0.350465,0
1226,Refine,0,0,0,0,0,0,0.500108,0
1227,Block,0,0,0,0,0,0,0.345445,0
1228,Shell,0,0,0,0,0,0,0.345638,0
1229,Weighted,0,0,0,0,0,0,0.317138,0
1230,Fresh,0,0,0,0,0,0,0.340992,0
1231,Explore,0,0,0,0,0,0,0.344025,0
1232,Refine,0,0,0,0,0,0,0.510917,0
1233,Block,0,0,0,0,0,0,0.339294,0
1234,Shell,0,0,0,0,0,0,0.346092,0
1235,Weighted,0,0,0,0,0,0,0.345062,0
1236,Fresh,0,0,0,0,0,0,0.339793,0
1237,Explore,0,0,0,0,0,0,0.310028,0
1238,Refine,0,0,0,0,0,0,0.52331,0
1239,Block,0,0,0,0,0,0,0.341836,0
1240,Shell,0,0,0,0,0,0,0.347428,0
1241,Weighted,0,0,0,0,0,0,0.337929,0
1242,Fresh,0,0,0,0,0,0,0.324453,0
1243,Explore,0,0,0,0,0,0,0.313316,0
1244,Refine,0,0,0,0,0,0,0.503678,0
1245,Block,0,0,0,0,0,0,0.344439,0
1246,Shell,0,0,0,0,0,0,0.340366,0
1247,Weighted,0,0,0,0,0,0,0.346496,0
1248,Fresh,0,0,0,0,0,0,0.330333,0
1249,Explore,0,0,0,0,0,0,0.338436,0
1250,Refine,0,0,0,0,0,0,0.512109,0
1251,Block,0,0,0,0,0,0,0.358319,0
1252,Shell,0,0,0,0,0,0,0.345972,0
1253,Weighted,0,0,0,0,0,0,0.332824,0
1254,Fresh,0,0,0,0,0,0,0.322039,0
1255,Explore,0,0,0,0,0,0,0.320396,0
1256,Refine,0,0,0,0,0,0,0.48779,0
1257,Block,0,0,0,0,0,0,0.347473,0
1258,Shell,0,0,0,0,0,0,0.341953,0
1259,Weighted,0,0,0,0,0,0,0.342046,0
1260,Fresh,0,0,0,0,0,0,0.330809,0
1261,Explore,0,0,0,0,0,0,0.331052,0
1262,Refine,0,0,0,0,0,0,0.513242,0
1263,Block,0,0,0,0,0,0,0.342111,0
1264,Shell,0,0,0,0,0,0,0.337868,0
1265,Weighted,0,0,0,0,0,0,0.338036,0
1266,Fresh,0,0,0,0,0,0,0.315917,0
1267,Explore,0,0,0,0,0,0,0.304302,0
1268,Refine,0,0,0,0,0,0,0.484386,0
1269,Block,0,0,0,0,0,0,0.343123,0
1270,Shell,0,0,0,0,0,0,0.341268,0
1271,Weighted,0,0,0,0,0,0,0.324066,0
1272,Fresh,0,0,0,0,0,0,0.317525,0
1273,Explore,0,0,0,0,0,0,0.317212,0
1274,Refine,0,0,0,0,0,0,0.508685,0
1275,Block,0,0,0,0,0,0,0.341367,0
1276,Shell,0,0,0,0,0,0,0.337501,0
1277,Weighted,0,0,0,0,0,0,0.311435,0
1278,Fresh,0,0,0,0,0,0,0.31462,0
1279,Explore,0,0,0,0,0,0,0.330292,0
1280,Refine,0,0,0,0,0,0,0.484355,0
1281,Block,0,0,0,0,0,0,0.342549,0
1282,Shell,0,0,0,0,0,0,0.345444,0
1283,Weighted,0,0,0,0,0,0,0.335039,0
1284,Fresh,0,0,0,0,0,0,0.30951,0
1285,Explore,0,0,0,0,0,0,0.304183,0
1286,Refine,0,0,0,0,0,0,0.505876,0
1287,Block,0,0,0,0,0,0,0.337033,0
1288,Shell,0,0,0,0,0,0,0.340841,0
1289,Weighted,0,0,0,0,0,0,0.327123,0
1290,Fresh,0,0,0,0,0,0,0.311016,0
1291,Explore,0,0,0,0,0,0,0.311592,0
1292,Refine,0,0,0,0,0,0,0.497733,0
1293,Block,0,0,0,0,0,0,0.33891,0
1294,Shell,0,0,0,0,0,0,0.33738,0
1295,Weighted,0,0,0,0,0,0,0.324852,0
1296,Fresh,0,0,0,0,0,0,0.306882,0
1297,Explore,0,0,0,0,0,0,0.302527,0
1298,Refine,0,0,0,0,0,0,0.488362,0
1299,Block,0,0,0,0,0,0,0.342516,0
1300,Shell,0,0,0,0,0,0,0.337193,0
1301,Weighted,0,0,0,0,0,0,0.36191,0
1302,Fresh,0,0,0,0,0,0,0.330917,0
1303,Explore,0,0,0,0,0,0,0.348417,0
1304,Refine,0,0,0,0,0,0,0.493142,0
1305,Block,0,0,0,0,0,0,0.347016,0
1306,Shell,0,0,0,0,0,0,0.379329,0
1307,Weighted,0,0,0,0,0,0,0.398992,0
1308,Fresh,0,0,0,0,0,0,0.357662,0
1309,Explore,0,0,0,0,0,0,0.350018,0
1310,Refine,0,0,0,0,0,0,0.551809,0
1311,Block,0,0,0,0,0,0,0.351876,0
1312,Shell,0,0,0,0,0,0,0.376696,0
1313,Weighted,0,0,0,0,0,0,0.34932,0
1314,Fresh,0,0,0,0,0,0,0.335535,0
1315,Explore,0,0,0,0,0,0,0.332672,0
1316,Refine,0,0,0,0,0,0,0.532335,0
1317,Block,0,0,0,0,0,0,0.349343,0
1318,Shell,0,0,0,0,0,0,0.343327,0
1319,Weighted,0,0,0,0,0,0,0.325004,0
1320,Fresh,0,0,0,0,0,0,0.331216,0
1321,Explore,0,0,0,0,0,0,0.322686,0
1322,Refine,0,0,0,0,0,0,0.485387,0
1323,Block,0,0,0,0,0,0,0.340245,0
1324,Shell,0,0,0,0,0,0,0.344345,0
1325,Weighted,0,0,0,0,0,0,0.325807,0
1326,Fresh,0,0,0,0,0,0,0.317046,0
1327,Explore,0,0,0,0,0,0,0.316259,0
1328,Refine,0,0,0,0,0,0,0.517732,0
1329,Block,0,0,0,0,0,0,0.345,0
1330,Shell,0,0,0,0,0,0,0.340409,0
1331,Weighted,0,0,0,0,0,0,0.33524,0
1332,Fresh,0,0,0,0,0,0,0.332888,0
1333,Explore,0,0,0,0,0,0,0.319449,0
1334,Refine,0,0,0,0,0,0,0.51876,0
1335,Block,0,0,0,0,0,0,0.345592,0
1336,Shell,0,0,0,0,0,0,0.343068,0
1337,Weighted,0,0,0,0,0,0,0.348681,0
1338,Fresh,0,0,0,0,0,0,0.315899,0
1339,Explore,0,0,0,0,0,0,0.350134,0
1340,Refine,0,0,0,0,0,0,0.491499,0
1341,Block,0,0,0,0,0,0,0.352848,0
1342,Shell,0,0,0,0,0,0,0.340962,0
1343,Weighted,0,0,0,0,0,0,0.339108,0
1344,Fresh,0,0,0,0,0,0,0.354315,0
1345,Explore,0,0,0,0,0,0,0.324283,0
1346,Refine,0,0,0,0,0,0,0.500117,0
1347,Block,0,0,0,0,0,0,0.348838,0
1348,Shell,0,0,0,0,0,0,0.357928,0
1349,Weighted,0,0,0,0,0,0,0.334035,0
1350,Fresh,0,0,0,0,0,0,0.324681,0
1351,Explore,0,0,0,0,0,0,0.37269,0
1352,Refine,0,0,0,0,0,0,0.548283,0
1353,Block,0,0,0,0,0,0,0.352606,0
1354,Shell,0,0,0,0,0,0,0.340459,0
1355,Weighted,0,0,0,0,0,0,0.32392,0
1356,Fresh,0,0,0,0,0,0,0.323612,0
1357,Explore,0,0,0,0,0,0,0.323849,0
1358,Refine,0,0,0,0,0,0,0.509265,0
1359,Block,0,0,0,0,0,0,0.36089,0
1360,Shell,0,0,0,0,0,0,0.346008,0
1361,Weighted,0,0,0,0,0,0,0.333315,0
1362,Fresh,0,0,0,0,0,0,0.345794,0
1363,Explore,0,0,0,0,0,0,0.339166,0
1364,Refine,0,0,0,0,0,0,0.518144,0
1365,Block,0,0,0,0,0,0,0.342172,0
1366,Shell,0,0,0,0,0,0,0.342069,0
1367,Weighted,0,0,0,0,0,0,0.339355,0
1368,Fresh,0,0,0,0,0,0,0.348896,0
1369,Explore,0,0,0,0,0,0,0.307487,0
1370,Refine,0,0,0,0,0,0,0.486669,0
1371,Block,0,0,0,0,0,0,0.348635,0
1372,Shell,0,0,0,0,0,0,0.340435,0
1373,Weighted,0,0,0,0,0,0,0.330396,0
1374,Fresh,0,0,0,0,0,0,0.314274,0
1375,Explore,0,0,0,0,0,0,0.313719,0
1376,Refine,0,0,0,0,0,0,0.501154,0
1377,Block,0,0,0,0,0,0,0.340826,0
1378,Shell,0,0,0,0,0,0,0.342419,0
1379,Weighted,0,0,0,0,0,0,0.316527,0
1380,Fresh,0,0,0,0,0,0,0.338357,0
1381,Explore,0,0,0,0,0,0,0.347377,0
1382,Refine,0,0,0,0,0,0,0.527361,0
1383,Block,0,0,0,0,0,0,0.379959,0
1384,Shell,0,0,0,0,0,0,0.362896,0
1385,Weighted,0,0,0,0,0,0,0.323754,0
1386,Fresh,0,0,0,0,0,0,0.336855,0
1387,Explore,0,0,0,0,0,0,0.319612,0
1388,Refine,0,0,0,0,0,0,0.496053,0
1389,Block,0,0,0,0,0,0,0.351858,0
1390,Shell,0,0,0,0,0,0,0.34354,0
1391,Weighted,0,0,0,0,0,0,0.333937,0
1392,Fresh,0,0,0,0,0,0,0.319221,0
1393,Explore,0,0,0,0,0,0,0.357669,0
1394,Refine,0,0,0,0,0,0,0.492463,0
1395,Block,0,0,0,0,0,0,0.351741,0
1396,Shell,0,0,0,0,0,0,0.341227,0
1397,Weighted,0,0,0,0,0,0,0.326757,0
1398,Fresh,0,0,0,0,0,0,0.318964,0
1399,Explore,0,0,0,0,0,0,0.32314,0
1400,Refine,0,0,0,0,0,0,0.501468,0
1401,Block,0,0,0,0,0,0,0.34457,0
1402,Shell,0,0,0,0,0,0,0.341438,0
1403,Weighted,0,0,0,0,0,0,0.330622,0
1404,Fresh,0,0,0,0,0,0,0.317259,0
1405,Explore,0,0,0,0,0,0,0.328246,0
1406,Refine,0,0,0,0,0,0,0.488176,0
1407,Block,0,0,0,0,0,0,0.343753,0
1408,Shell,0,0,0,0,0,0,0.337919,0
1409,Weighted,0,0,0,0,0,0,0.333335,0
1410,Fresh,0,0,0,0,0,0,0.320468,0
1411,Explore,0,0,0,0,0,0,0.311763,0
1412,Refine,0,0,0,0,0,0,0.481027,0
1413,Block,0,0,0,0,0,0,0.341991,0
1414,Shell,0,0,0,0,0,0,0.372634,0
1415,Weighted,0,0,0,0,0,0,0.32373,0
1416,Fresh,0,0,0,0,0,0,0.336156,0
1417,Explore,0,0,0,0,0,0,0.317163,0
1418,Refine,0,0,0,0,0,0,0.508337,0
1419,Block,0,0,0,0,0,0,0.343909,0
1420,Shell,0,0,0,0,0,0,0.343786,0
1421,Weighted,0,0,0,0,0,0,0.329133,0
1422,Fresh,0,0,0,0,0,0,0.355373,0
1423,Explore,0,0,0,0,0,0,0.340898,0
1424,Refine,0,0,0,0,0,0,0.521475,0
1425,Block,0,0,0,0,0,0,0.35342,0
1426,Shell,0,0,0,0,0,0,0.345478,0
1427,Weighted,0,0,0,0,0,0,0.330603,0
1428,Fresh,0,0,0,0,0,0,0.34794,0
1429,Explore,0,0,0,0,0,0,0.322149,0
1430,Refine,0,0,0,0,0,0,0.521678,0
1431,Block,0,0,0,0,0,0,0.366343,0
1432,Shell,0,0,0,0,0,0,0.343751,0
1433,Weighted,0,0,0,0,0,0,0.350309,0
1434,Fresh,0,0,0,0,0,0,0.338426,0
1435,Explore,0,0,0,0,0,0,0.34125,0
1436,Refine,0,0,0,0,0,0,0.505369,0
1437,Block,0,0,0,0,0,0,0.344372,0
1438,Shell,0,0,0,0,0,0,0.346087,0
1439,Weighted,0,0,0,0,0,0,0.319418,0
1440,Fresh,0,0,0,0,0,0,0.341668,0
1441,Explore,0,0,0,0,0,0,0.325959,0
1442,Refine,0,0,0,0,0,0,0.521532,0
1443,Block,0,0,0,0,0,0,0.341723,0
1444,Shell,0,0,0,0,0,0,0.343548,0
1445,Weighted,0,0,0,0,0,0,0.380616,0
1446,Fresh,0,0,0,0,0,0,0.339354,0
1447,Explore,0,0,0,0,0,0,0.324348,0
1448,Refine,0,0,0,0,0,0,0.496216,0
1449,Block,0,0,0,0,0,0,0.349073,0
1450,Shell,0,0,0,0,0,0,0.343105,0
1451,Weighted,0,0,0,0,0,0,0.314338,0
1452,Fresh,0,0,0,0,0,0,0.316012,0
1453,Explore,0,0,0,0,0,0,0.319146,0
1454,Refine,0,0,0,0,0,0,0.483659,0
1455,Block,0,0,0,0,0,0,0.356934,0
1456,Shell,0,0,0,0,0,0,0.345389,0
1457,Weighted,0,0,0,0,0,0,0.329364,0
1458,Fresh,0,0,0,0,0,0,0.3249,0
1459,Explore,0,0,0,0,0,0,0.335067,0
1460,Refine,0,0,0,0,0,0,0.514173,0
1461,Block,0,0,0,0,0,0,0.344288,0
1462,Shell,0,0,0,0,0,0,0.338569,0
1463,Weighted,0,0,0,0,0,0,0.354334,0
1464,Fresh,0,0,0,0,0,0,0.365386,0
1465,Explore,0,0,0,0,0,0,0.327355,0
1466,Refine,0,0,0,0,0,0,0.469483,0
1467,Block,0,0,0,0,0,0,0.346453,0
1468,Shell,0,0,0,0,0,0,0.345168,0
1469,Weighted,0,0,0,0,0,0,0.318445,0
1470,Fresh,0,0,0,0,0,0,0.350957,0
1471,Explore,0,0,0,0,0,0,0.363501,0
1472,Refine,0,0,0,0,0,0,0.519958,0
1473,Block,0,0,0,0,0,0,0.340148,0
1474,Shell,0,0,0,0,0,0,0.343598,0
1475,Weighted,0,0,0,0,0,0,0.345016,0
1476,Fresh,0,0,0,0,0,0,0.337432,0
1477,Explore,0,0,0,0,0,0,0.349713,0
1478,Refine,0,0,0,0,0,0,0.501216,0
1479,Block,0,0,0,0,0,0,0.343202,0
1480,Shell,0,0,0,0,0,0,0.348219,0
1481,Weighted,0,0,0,0,0,0,0.33305,0
1482,Fresh,0,0,0,0,0,0,0.362908,0
1483,Explore,0,0,0,0,0,0,0.337351,0
1484,Refine,0,0,0,0,0,0,0.518785,0
1485,Block,0,0,0,0,0,0,0.357859,0
1486,Shell,0,0,0,0,0,0,0.363852,0
1487,Weighted,0,0,0,0,0,0,0.333956,0
1488,Fresh,0,0,0,0,0,0,0.343125,0
1489,Explore,0,0,0,0,0,0,0.346556,0
1490,Refine,0,0,0,0,0,0,0.507169,0
1491,Block,0,0,0,0,0,0,0.352261,0
1492,Shell,0,0,0,0,0,0,0.346162,0
1493,Weighted,0,0,0,0,0,0,0.345969,0
1494,Fresh,0,0,0,0,0,0,0.337828,0
1495,Explore,0,0,0,0,0,0,0.432393,0
1496,Refine,0,0,0,0,0,0,0.547449,0
1497,Block,0,0,0,0,0,0,0.352913,0
1498,Shell,0,0,0,0,0,0,0.345726,0
1499,Weighted,0,0,0,0,0,0,0.342366,0
1500,Fresh,0,0,0,0,0,0,0.333546,0
1501,Explore,0,0,0,0,0,0,0.315669,0
1502,Refine,0,0,0,0,0,0,0.503755,0
1503,Block,0,0,0,0,0,0,0.378826,0
1504,Shell,0,0,0,0,0,0,0.345784,0
1505,Weighted,0,0,0,0,0,0,0.317476,0
1506,Fresh,0,0,0,0,0,0,0.329879,0
1507,Explore,0,0,0,0,0,0,0.326579,0
1508,Refine,0,0,0,0,0,0,0.526593,0
1509,Block,0,0,0,0,0,0,0.345948,0
1510,Shell,0,0,0,0,0,0,0.353613,0
1511,Weighted,0,0,0,0,0,0,0.344973,0
1512,Fresh,0,0,0,0,0,0,0.404528,0
1513,Explore,0,0,0,0,0,0,0.346514,0
1514,Refine,0,0,0,0,0,0,0.518455,0
1515,Block,0,0,0,0,0,0,0.379889,0
1516,Shell,0,0,0,0,0,0,0.346767,0
1517,Weighted,0,0,0,0,0,0,0.346827,0
1518,Fresh,0,0,0,0,0,0,0.33018,0
1519,Explore,0,0,0,0,0,0,0.319508,0
1520,Refine,0,0,0,0,0,0,0.486985,0
1521,Block,0,0,0,0,0,0,0.347744,0
1522,Shell,0,0,0,0,0,0,0.346266,0
1523,Weighted,0,0,0,0,0,0,0.334924,0
1524,Fresh,0,0,0,0,0,0,0.353296,0
1525,Explore,0,0,0,0,0,0,0.340847,0
1526,Refine,0,0,0,0,0,0,0.494743,0
1527,Block,0,0,0,0,0,0,0.349326,0
1528,Shell,0,0,0,0,0,0,0.356984,0
1529,Weighted,0,0,0,0,0,0,0.343309,0
1530,Fresh,0,0,0,0,0,0,0.318459,0
1531,Explore,0,0,0,0,0,0,0.342693,0
1532,Refine,0,0,0,0,0,0,0.524192,0
1533,Block,0,0,0,0,0,0,0.346647,0
1534,Shell,0,0,0,0,0,0,0.344111,0
1535,Weighted,0,0,0,0,0,0,0.328315,0
1536,Fresh,0,0,0,0,0,0,0.345038,0
1537,Explore,0,0,0,0,0,0,0.327843,0
1538,Refine,0,0,0,0,0,0,0.499378,0
1539,Block,0,0,0,0,0,0,0.348241,0
1540,Shell,0,0,0,0,0,0,0.343399,0
1541,Weighted,0,0,0,0,0,0,0.345958,0
1542,Fresh,0,0,0,0,0,0,0.324599,0
1543,Explore,0,0,0,0,0,0,0.331515,0
1544,Refine,0,0,0,0,0,0,0.53417,0
1545,Block,0,0,0,0,0,0,0.348155,0
1546,Shell,0,0,0,0,0,0,0.345272,0
1547,Weighted,0,0,0,0,0,0,0.329674,0
1548,Fresh,0,0,0,0,0,0,0.325205,0
1549,Explore,0,0,0,0,0,0,0.384607,0
1550,Refine,0,0,0,0,0,0,0.538759,0
1551,Block,0,0,0,0,0,0,0.352368,0
1552,Shell,0,0,0,0,0,0,0.359686,0
1553,Weighted,0,0,0,0,0,0,0.309434,0
1554,Fresh,0,0,0,0,0,0,0.346563,0
1555,Explore,0,0,0,0,0,0,0.324453,0
1556,Refine,0,0,0,0,0,0,0.505573,0
1557,Block,0,0,0,0,0,0,0.345644,0
1558,Shell,0,0,0,0,0,0,0.349464,0
1559,Weighted,0,0,0,0,0,0,0.325202,0
1560,Fresh,0,0,0,0,0,0,0.31907,0
1561,Explore,0,0,0,0,0,0,0.323904,0
1562,Refine,0,0,0,0,0,0,0.500154,0
1563,Block,0,0,0,0,0,0,0.345806,0
1564,Shell,0,0,0,0,0,0,0.343656,0
1565,Weighted,0,0,0,0,0,0,0.304076,0
1566,Fresh,0,0,0,0,0,0,0.341874,0
1567,Explore,0,0,0,0,0,0,0.351337,0
1568,Refine,0,0,0,0,0,0,0.511135,0
1569,Block,0,0,0,0,0,0,0.344278,0
1570,Shell,0,0,0,0,0,0,0.34211,0
1571,Weighted,0,0,0,0,0,0,0.344507,0
1572,Fresh,0,0,0,0,0,0,0.349838,0
1573,Explore,0,0,0,0,0,0,0.323194,0
1574,Refine,0,0,0,0,0,0,0.506606,0
1575,Block,0,0,0,0,0,0,0.350369,0
1576,Shell,0,0,0,0,0,0,0.346996,0
1577,Weighted,0,0,0,0,0,0,0.36466,0
1578,Fresh,0,0,0,0,0,0,0.346228,0
1579,Explore,0,0,0,0,0,0,0.322321,0
1580,Refine,0,0,0,0,0,0,0.51883,0
1581,Block,0,0,0,0,0,0,0.349511,0
1582,Shell,0,0,0,0,0,0,0.365537,0
1583,Weighted,0,0,0,0,0,0,0.344594,0
1584,Fresh,0,0,0,0,0,0,0.361185,0
1585,Explore,0,0,0,0,0,0,0.304979,0
1586,Refine,0,0,0,0,0,0,0.529933,0
1587,Block,0,0,0,0,0,0,0.349691,0
1588,Shell,0,0,0,0,0,0,0.353951,0
1589,Weighted,0,0,0,0,0,0,0.36238,0
1590,Fresh,0,0,0,0,0,0,0.324671,0
1591,Explore,0,0,0,0,0,0,0.35911,0
1592,Refine,0,0,0,0,0,0,0.539215,0
1593,Block,0,0,0,0,0,0,0.343647,0
1594,Shell,0,0,0,0,0,0,0.345568,0
1595,Weighted,0,0,0,0,0,0,0.335188,0
1596,Fresh,0,0,0,0,0,0,0.325639,0
1597,Explore,0,0,0,0,0,0,0.333948,0
1598,Refine,0,0,0,0,0,0,0.537538,0
1599,Block,0,0,0,0,0,0,0.344818,0
1600,Shell,0,0,0,0,0,0,0.34666,0
1601,Weighted,0,0,0,0,0,0,0.323372,0
1602,Fresh,0,0,0,0,0,0,0.361986,0
1603,Explore,0,0,0,0,0,0,0.331995,0
1604,Refine,0,0,0,0,0,0,0.505149,0
1605,Block,0,0,0,0,0,0,0.353355,0
1606,Shell,0,0,0,0,0,0,0.351983,0
1607,Weighted,0,0,0,0,0,0,0.336886,0
1608,Fresh,0,0,0,0,0,0,0.360385,0
1609,Explore,0,0,0,0,0,0,0.326349,0
1610,Refine,0,0,0,0,0,0,0.615431,0
1611,Block,0,0,0,0,0,0,0.386912,0
1612,Shell,0,0,0,0,0,0,0.349827,0
1613,Weighted,0,0,0,0,0,0,0.345083,0
1614,Fresh,0,0,0,0,0,0,0.344452,0
1615,Explore,0,0,0,0,0,0,0.316294,0
1616,Refine,0,0,0,0,0,0,0.507682,0
1617,Block,0,0,0,0,0,0,0.341518,0
1618,Shell,0,0,0,0,0,0,0.345707,0
1619,Weighted,0,0,0,0,0,0,0.338532,0
1620,Fresh,0,0,0,0,0,0,0.331958,0
1621,Explore,0,0,0,0,0,0,0.33268,0
1622,Refine,0,0,0,0,0,0,0.48951,0
1623,Block,0,0,0,0,0,0,0.341608,0
1624,Shell,0,0,0,0,0,0,0.388535,0
1625,Weighted,0,0,0,0,0,0,0.326518,0
1626,Fresh,0,0,0,0,0,0,0.343851,0
1627,Explore,0,0,0,0,0,0,0.349446,0
1628,Refine,0,0,0,0,0,0,0.515787,0
1629,Block,0,0,0,0,0,0,0.350477,0
1630,Shell,0,0,0,0,0,0,0.350263,0
1631,Weighted,0,0,0,0,0,0,0.355352,0
1632,Fresh,0,0,0,0,0,0,0.34236,0
1633,Explore,0,0,0,0,0,0,0.304682,0
1634,Refine,0,0,0,0,0,0,0.550752,0
1635,Block,0,0,0,0,0,0,0.389518,0
1636,Shell,0,0,0,0,0,0,0.363776,0
1637,Weighted,0,0,0,0,0,0,0.361748,0
1638,Fresh,0,0,0,0,0,0,0.359179,0
1639,Explore,0,0,0,0,0,0,0.338274,0
1640,Refine,0,0,0,0,0,0,0.515347,0
1641,Block,0,0,0,0,0,0,0.351498,0
1642,Shell,0,0,0,0,0,0,0.35253,0
1643,Weighted,0,0,0,0,0,0,0.31493,0
1644,Fresh,0,0,0,0,0,0,0.352638,0
1645,Explore,0,0,0,0,0,0,0.333266,0
1646,Refine,0,0,0,0,0,0,0.506318,0
1647,Block,0,0,0,0,0,0,0.35317,0
1648,Shell,0,0,0,0,0,0,0.353341,0
1649,Weighted,0,0,0,0,0,0,0.333728,0
1650,Fresh,0,0,0,0,0,0,0.333863,0
1651,Explore,0,0,0,0,0,0,0.34561,0
1652,Refine,0,0,0,0,0,0,0.521435,0
1653,Block,0,0,0,0,0,0,0.352171,0
1654,Shell,0,0,0,0,0,0,0.419167,0
1655,Weighted,0,0,0,0,0,0,0.333311,0
1656,Fresh,0,0,0,0,0,0,0.337755,0
1657,Explore,0,0,0,0,0,0,0.349312,0
1658,Refine,0,0,0,0,0,0,0.528389,0
1659,Block,0,0,0,0,0,0,0.421224,0
1660,Shell,0,0,0,0,0,0,0.345748,0
1661,Weighted,0,0,0,0,0,0,0.33602,0
1662,Fresh,0,0,0,0,0,0,0.333801,0
1663,Explore,0,0,0,0,0,0,0.336156,0
1664,Refine,0,0,0,0,0,0,0.528185,0
1665,Block,0,0,0,0,0,0,0.345599,0
1666,Shell,0,0,0,0,0,0,0.34765,0
1667,Weighted,0,0,0,0,0,0,0.349941,0
1668,Fresh,0,0,0,0,0,0,0.319647,0
1669,Explore,0,0,0,0,0,0,0.34402,0
1670,Refine,0,0,0,0,0,0,0.509832,0
1671,Block,0,0,0,0,0,0,0.398363,0
1672,Shell,0,0,0,0,0,0,0.384853,0
1673,Weighted,0,0,0,0,0,0,0.348955,0
1674,Fresh,0,0,0,0,0,0,0.37024,0
1675,Explore,0,0,0,0,0,0,0.328998,0
1676,Refine,0,0,0,0,0,0,0.560731,0
1677,Block,0,0,0,0,0,0,0.355536,0
1678,Shell,0,0,0,0,0,0,0.363158,0
1679,Weighted,0,0,0,0,0,0,0.314822,0
1680,Fresh,0,0,0,0,0,0,0.330869,0
1681,Explore,0,0,0,0,0,0,0.329119,0
1682,Refine,0,0,0,0,0,0,0.509387,0
1683,Block,0,0,0,0,0,0,0.358621,0
1684,Shell,0,0,0,0,0,0,0.370381,0
1685,Weighted,0,0,0,0,0,0,0.340898,0
1686,Fresh,0,0,0,0,0,0,0.34539,0
1687,Explore,0,0,0,0,0,0,0.343268,0
1688,Refine,0,0,0,0,0,0,0.528054,0
1689,Block,0,0,0,0,0,0,0.346105,0
1690,Shell,0,0,0,0,0,0,0.359248,0
1691,Weighted,0,0,0,0,0,0,0.329851,0
1692,Fresh,0,0,0,0,0,0,0.325507,0
1693,Explore,0,0,0,0,0,0,0.325619,0
1694,Refine,0,0,0,0,0,0,0.515388,0
1695,Block,0,0,0,0,0,0,0.356085,0
1696,Shell,0,0,0,0,0,0,0.349304,0
1697,Weighted,0,0,0,0,0,0,0.351963,0
1698,Fresh,0,0,0,0,0,0,0.343011,0
1699,Explore,0,0,0,0,0,0,0.345837,0
1700,Refine,0,0,0,0,0,0,0.555383,0
1701,Block,0,0,0,0,0,0,0.357065,0
1702,Shell,0,0,0,0,0,0,0.354562,0
1703,Weighted,0,0,0,0,0,0,0.375563,0
1704,Fresh,0,0,0,0,0,0,0.34774,0
1705,Explore,0,0,0,0,0,0,0.3305,0
1706,Refine,0,0,0,0,0,0,0.5889,0
1707,Block,0,0,0,0,0,0,0.412261,0
1708,Shell,0,0,0,0,0,0,0.364415,0
1709,Weighted,0,0,0,0,0,0,0.414231,0
1710,Fresh,0,0,0,0,0,0,0.338226,0
1711,Explore,0,0,0,0,0,0,0.341412,0
1712,Refine,0,0,0,0,0,0,0.503178,0
1713,Block,0,0,0,0,0,0,0.352114,0
1714,Shell,0,0,0,0,0,0,0.366108,0
1715,Weighted,0,0,0,0,0,0,0.33894,0
1716,Fresh,0,0,0,0,0,0,0.364559,0
1717,Explore,0,0,0,0,0,0,0.338602,0
1718,Refine,0,0,0,0,0,0,0.580753,0
1719,Block,0,0,0,0,0,0,0.386738,0
1720,Shell,0,0,0,0,0,0,0.347749,0
1721,Weighted,0,0,0,0,0,0,0.341228,0
1722,Fresh,0,0,0,0,0,0,0.339626,0
1723,Explore,0,0,0,0,0,0,0.345885,0
1724,Refine,0,0,0,0,0,0,0.494731,0
1725,Block,0,0,0,0,0,0,0.351835,0
1726,Shell,0,0,0,0,0,0,0.36231,0
1727,Weighted,0,0,0,0,0,0,0.342332,0
1728,Fresh,0,0,0,0,0,0,0.365683,0
1729,Explore,0,0,0,0,0,0,0.340157,0
1730,Refine,0,0,0,0,0,0,0.558625,0
1731,Block,0,0,0,0,0,0,0.35458,0
1732,Shell,0,0,0,0,0,0,0.374465,0
1733,Weighted,0,0,0,0,0,0,0.380146,0
1734,Fresh,0,0,0,0,0,0,0.345894,0
1735,Explore,0,0,0,0,0,0,0.329705,0
1736,Refine,0,0,0,0,0,0,0.51486,0
1737,Block,0,0,0,0,0,0,0.401481,0
1738,Shell,0,0,0,0,0,0,0.359149,0
1739,Weighted,0,0,0,0,0,0,0.340811,0
1740,Fresh,0,0,0,0,0,0,0.341913,0
1741,Explore,0,0,0,0,0,0,0.367366,0
1742,Refine,0,0,0,0,0,0,0.559418,0
1743,Block,0,0,0,0,0,0,0.371366,0
1744,Shell,0,0,0,0,0,0,0.355714,0
1745,Weighted,0,0,0,0,0,0,0.372637,0
1746,Fresh,0,0,0,0,0,0,0.352599,0
1747,Explore,0,0,0,0,0,0,0.380771,0
1748,Refine,0,0,0,0,0,0,0.597966,0
1749,Block,0,0,0,0,0,0,0.396244,0
1750,Shell,0,0,0,0,0,0,0.371905,0
1751,Weighted,0,0,0,0,0,0,0.346074,0
1752,Fresh,0,0,0,0,0,0,0.35712,0
1753,Explore,0,0,0,0,0,0,0.35336,0
1754,Refine,0,0,0,0,0,0,0.580798,0
1755,Block,0,0,0,0,0,0,0.379325,0
1756,Shell,0,0,0,0,0,0,0.350316,0
1757,Weighted,0,0,0,0,0,0,0.341792,0
1758,Fresh,0,0,0,0,0,0,0.338327,0
1759,Explore,0,0,0,0,0,0,0.328572,0
1760,Refine,0,0,0,0,0,0,0.510457,0
1761,Block,0,0,0,0,0,0,0.346596,0
1762,Shell,0,0,0,0,0,0,0.354025,0
1763,Weighted,0,0,0,0,0,0,0.349082,0
1764,Fresh,0,0,0,0,0,0,0.322586,0
1765,Explore,0,0,0,0,0,0,0.341779,0
1766,Refine,0,0,0,0,0,0,0.498878,0
1767,Block,0,0,0,0,0,0,0.3487,0
1768,Shell,0,0,0,0,0,0,0.345306,0
1769,Weighted,0,0,0,0,0,0,0.344959,0
1770,Fresh,0,0,0,0,0,0,0.334908,0
1771,Explore,0,0,0,0,0,0,0.343871,0
1772,Refine,0,0,0,0,0,0,0.502992,0
1773,Block,0,0,0,0,0,0,0.351776,0
1774,Shell,0,0,0,0,0,0,0.347336,0
1775,Weighted,0,0,0,0,0,0,0.413643,0
1776,Fresh,0,0,0,0,0,0,0.376914,0
1777,Explore,0,0,0,0,0,0,0.337832,0
1778,Refine,0,0,0,0,0,0,0.509899,0
1779,Block,0,0,0,0,0,0,0.366151,0
1780,Shell,0,0,0,0,0,0,0.368682,0
1781,Weighted,0,0,0,0,0,0,0.369327,0
1782,Fresh,0,0,0,0,0,0,0.357514,0
1783,Explore,0,0,0,0,0,0,0.356277,0
1784,Refine,0,0,0,0,0,0,0.483491,0
1785,Block,0,0,0,0,0,0,0.344993,0
1786,Shell,0,0,0,0,0,0,0.340479,0
1787,Weighted,0,0,0,0,0,0,0.335456,0
1788,Fresh,0,0,0,0,0,0,0.321927,0
1789,Explore,0,0,0,0,0,0,0.373983,0
1790,Refine,0,0,0,0,0,0,0.537419,0
1791,Block,0,0,0,0,0,0,0.350865,0
1792,Shell,0,0,0,0,0,0,0.37251,0
1793,Weighted,0,0,0,0,0,0,0.334201,0
1794,Fresh,0,0,0,0,0,0,0.355684,0
1795,Explore,0,0,0,0,0,0,0.358076,0
1796,Refine,0,0,0,0,0,0,0.524607,0
1797,Block,0,0,0,0,0,0,0.356528,0
1798,Shell,0,0,0,0,0,0,0.357675,0
1799,Weighted,0,0,0,0,0,0,0.35484,0
1800,Fresh,0,0,0,0,0,0,0.317502,0
1801,Explore,0,0,0,0,0,0,0.333231,0
1802,Refine,0,0,0,0,0,0,0.521299,0
1803,Block,0,0,0,0,0,0,0.348015,0
1804,Shell,0,0,0,0,0,0,0.347129,0
1805,Weighted,0,0,0,0,0,0,0.356123,0
1806,Fresh,0,0,0,0,0,0,0.349785,0
1807,Explore,0,0,0,0,0,0,0.359764,0
1808,Refine,0,0,0,0,0,0,0.502575,0
1809,Block,0,0,0,0,0,0,0.358272,0
1810,Shell,0,0,0,0,0,0,0.349717,0
1811,Weighted,0,0,0,0,0,0,0.325671,0
1812,Fresh,0,0,0,0,0,0,0.338928,0
1813,Explore,0,0,0,0,0,0,0.348507,0
1814,Refine,0,0,0,0,0,0,0.512753,0
1815,Block,0,0,0,0,0,0,0.355961,0
1816,Shell,0,0,0,0,0,0,0.383112,0
1817,Weighted,0,0,0,0,0,0,0.349519,0
1818,Fresh,0,0,0,0,0,0,0.363835,0
1819,Explore,0,0,0,0,0,0,0.342866,0
1820,Refine,0,0,0,0,0,0,0.477945,0
1821,Block,0,0,0,0,0,0,0.353258,0
1822,Shell,0,0,0,0,0,0,0.344189,0
1823,Weighted,0,0,0,0,0,0,0.328158,0
1824,Fresh,0,0,0,0,0,0,0.312567,0
1825,Explore,0,0,0,0,0,0,0.331854,0
1826,Refine,0,0,0,0,0,0,0.493737,0
1827,Block,0,0,0,0,0,0,0.35594,0
1828,Shell,0,0,0,0,0,0,0.346611,0
1829,Weighted,0,0,0,0,0,0,0.330547,0
1830,Fresh,0,0,0,0,0,0,0.340139,0
1831,Explore,0,0,0,0,0,0,0.303491,0
1832,Refine,0,0,0,0,0,0,0.483031,0
1833,Block,0,0,0,0,0,0,0.356399,0
1834,Shell,0,0,0,0,0,0,0.40801,0
1835,Weighted,0,0,0,0,0,0,0.335495,0
1836,Fresh,0,0,0,0,0,0,0.318675,0
1837,Explore,0,0,0,0,0,0,0.349119,0
1838,Refine,0,0,0,0,0,0,0.50647,0
1839,Block,0,0,0,0,0,0,0.358411,0
1840,Shell,0,0,0,0,0,0,0.379088,0
1841,Weighted,0,0,0,0,0,0,0.350754,0
1842,Fresh,0,0,0,0,0,0,0.357132,0
1843,Explore,0,0,0,0,0,0,0.333801,0
1844,Refine,0,0,0,0,0,0,0.507516,0
1845,Block,0,0,0,0,0,0,0.356082,0
1846,Shell,0,0,0,0,0,0,0.346927,0
1847,Weighted,0,0,0,0,0,0,0.345092,0
1848,Fresh,0,0,0,0,0,0,0.354455,0
1849,Explore,0,0,0,0,0,0,0.334612,0
1850,Refine,0,0,0,0,0,0,0.515226,0
1851,Block,0,0,0,0,0,0,0.352517,0
1852,Shell,0,0,0,0,0,0,0.350228,0
1853,Weighted,0,0,0,0,0,0,0.346834,0
1854,Fresh,0,0,0,0,0,0,0.350496,0
1855,Explore,0,0,0,0,0,0,0.359151,0
1856,Refine,0,0,0,0,0,0,0.533297,0
1857,Block,0,0,0,0,0,0,0.358234,0
1858,Shell,0,0,0,0,0,0,0.353708,0
1859,Weighted,0,0,0,0,0,0,0.354284,0
1860,Fresh,0,0,0,0,0,0,0.35415,0
1861,Explore,0,0,0,0,0,0,0.345795,0
1862,Refine,0,0,0,0,0,0,0.515865,0
1863,Block,0,0,0,0,0,0,0.360932,0
1864,Shell,0,0,0,0,0,0,0.350653,0
1865,Weighted,0,0,0,0,0,0,0.329587,0
1866,Fresh,0,0,0,0,0,0,0.314948,0
1867,Explore,0,0,0,0,0,0,0.356976,0
1868,Refine,0,0,0,0,0,0,0.512217,0
1869,Block,0,0,0,0,0,0,0.354529,0
1870,Shell,0,0,0,0,0,0,0.344903,0
1871,Weighted,0,0,0,0,0,0,0.318953,0
1872,Fresh,0,0,0,0,0,0,0.351073,0
1873,Explore,0,0,0,0,0,0,0.337726,0
1874,Refine,0,0,0,0,0,0,0.501728,0
1875,Block,0,0,0,0,0,0,0.357493,0
1876,Shell,0,0,0,0,0,0,0.34279,0
1877,Weighted,0,0,0,0,0,0,0.330714,0
1878,Fresh,0,0,0,0,0,0,0.34386,0
1879,Explore,0,0,0,0,0,0,0.331899,0
1880,Refine,0,0,0,0,0,0,0.525769,0
1881,Block,0,0,0,0,0,0,0.34355,0
1882,Shell,0,0,0,0,0,0,0.378375,0
1883,Weighted,0,0,0,0,0,0,0.308875,0
1884,Fresh,0,0,0,0,0,0,0.33851,0
1885,Explore,0,0,0,0,0,0,0.335784,0
1886,Refine,0,0,0,0,0,0,0.487718,0
1887,Block,0,0,0,0,0,0,0.348963,0
1888,Shell,0,0,0,0,0,0,0.372836,0
1889,Weighted,0,0,0,0,0,0,0.325914,0
1890,Fresh,0,0,0,0,0,0,0.323365,0
1891,Explore,0,0,0,0,0,0,0.313646,0
1892,Refine,0,0,0,0,0,0,0.476608,0
1893,Block,0,0,0,0,0,0,0.34605,0
1894,Shell,0,0,0,0,0,0,0.344246,0
1895,Weighted,0,0,0,0,0,0,0.346004,0
1896,Fresh,0,0,0,0,0,0,0.333478,0
1897,Explore,0,0,0,0,0,0,0.344108,0
1898,Refine,0,0,0,0,0,0,0.527203,0
1899,Block,0,0,0,0,0,0,0.341117,0
1900,Shell,0,0,0,0,0,0,0.345827,0
1901,Weighted,0,0,0,0,0,0,0.310927,0
1902,Fresh,0,0,0,0,0,0,0.316218,0
1903,Explore,0,0,0,0,0,0,0.322326,0
1904,Refine,0,0,0,0,0,0,0.489282,0
1905,Block,0,0,0,0,0,0,0.351628,0
1906,Shell,0,0,0,0,0,0,0.342188,0
1907,Weighted,0,0,0,0,0,0,0.340363,0
1908,Fresh,0,0,0,0,0,0,0.315798,0
1909,Explore,0,0,0,0,0,0,0.318836,0
1910,Refine,0,0,0,0,0,0,0.503956,0
1911,Block,0,0,0,0,0,0,0.341975,0
1912,Shell,0,0,0,0,0,0,0.342596,0
1913,Weighted,0,0,0,0,0,0,0.319783,0
1914,Fresh,0,0,0,0,0,0,0.317091,0
1915,Explore,0,0,0,0,0,0,0.328936,0
1916,Refine,0,0,0,0,0,0,0.483761,0
1917,Block,0,0,0,0,0,0,0.354826,0
1918,Shell,0,0,0,0,0,0,0.348044,0
1919,Weighted,0,0,0,0,0,0,0.319468,0
1920,Fresh,0,0,0,0,0,0,0.334519,0
1921,Explore,0,0,0,0,0,0,0.331144,0
1922,Refine,0,0,0,0,0,0,0.50398,0
1923,Block,0,0,0,0,0,0,0.345696,0
1924,Shell,0,0,0,0,0,0,0.345743,0
1925,Weighted,0,0,0,0,0,0,0.319284,0
1926,Fresh,0,0,0,0,0,0,0.321364,0
1927,Explore,0,0,0,0,0,0,0.334469,0
1928,Refine,0,0,0,0,0,0,0.513531,0
1929,Block,0,0,0,0,0,0,0.345356,0
1930,Shell,0,0,0,0,0,0,0.343751,0
1931,Weighted,0,0,0,0,0,0,0.32602,0
1932,Fresh,0,0,0,0,0,0,0.32823,0
1933,Explore,0,0,0,0,0,0,0.344258,0
1934,Refine,0,0,0,0,0,0,0.503276,0
1935,Block,0,0,0,0,0,0,0.357993,0
1936,Shell,0,0,0,0,0,0,0.345634,0
1937,Weighted,0,0,0,0,0,0,0.338133,0
1938,Fresh,0,0,0,0,0,0,0.368806,0
1939,Explore,0,0,0,0,0,0,0.331514,0
1940,Refine,0,0,0,0,0,0,0.512241,0
1941,Block,0,0,0,0,0,0,0.34944,0
1942,Shell,0,0,0,0,0,0,0.377234,0
1943,Weighted,0,0,0,0,0,0,0.339078,0
1944,Fresh,0,0,0,0,0,0,0.339108,0
1945,Explore,0,0,0,0,0,0,0.380055,0
1946,Refine,0,0,0,0,0,0,0.526551,0
1947,Block,0,0,0,0,0,0,0.350666,0
1948,Shell,0,0,0,0,0,0,0.366158,0
1949,Weighted,0,0,0,0,0,0,0.335559,0
1950,Fresh,0,0,0,0,0,0,0.324864,0
1951,Explore,0,0,0,0,0,0,0.350549,0
1952,Refine,0,0,0,0,0,0,0.517772,0
1953,Block,0,0,0,0,0,0,0.362288,0
1954,Shell,0,0,0,0,0,0,0.356913,0
1955,Weighted,0,0,0,0,0,0,0.328898,0
1956,Fresh,0,0,0,0,0,0,0.363504,0
1957,Explore,0,0,0,0,0,0,0.336895,0
1958,Refine,0,0,0,0,0,0,0.521862,0
1959,Block,0,0,0,0,0,0,0.3468,0
1960,Shell,0,0,0,0,0,0,0.354846,0
1961,Weighted,0,0,0,0,0,0,0.340472,0
1962,Fresh,0,0,0,0,0,0,0.332703,0
1963,Explore,0,0,0,0,0,0,0.334839,0
1964,Refine,0,0,0,0,0,0,0.491256,0
1965,Block,0,0,0,0,0,0,0.357932,0
1966,Shell,0,0,0,0,0,0,0.407784,0
1967,Weighted,0,0,0,0,0,0,0.362505,0
1968,Fresh,0,0,0,0,0,0,0.34591,0
1969,Explore,0,0,0,0,0,0,0.321674,0
1970,Refine,0,0,0,0,0,0,0.522359,0
1971,Block,0,0,0,0,0,0,0.355958,0
1972,Shell,0,0,0,0,0,0,0.356159,0
1973,Weighted,0,0,0,0,0,0,0.340147,0
1974,Fresh,0,0,0,0,0,0,0.352504,0
1975,Explore,0,0,0,0,0,0,0.326974,0
1976,Refine,0,0,0,0,0,0,0.509487,0
1977,Block,0,0,0,0,0,0,0.348195,0
1978,Shell,0,0,0,0,0,0,0.34892,0
1979,Weighted,0,0,0,0,0,0,0.310514,0
1980,Fresh,0,0,0,0,0,0,0.31318,0
1981,Explore,0,0,0,0,0,0,0.363212,0
1982,Refine,0,0,0,0,0,0,0.520567,0
1983,Block,0,0,0,0,0,0,0.352638,0
1984,Shell,0,0,0,0,0,0,0.390587,0
1985,Weighted,0,0,0,0,0,0,0.335117,0
1986,Fresh,0,0,0,0,0,0,0.335267,0
1987,Explore,0,0,0,0,0,0,0.342761,0
1988,Refine,0,0,0,0,0,0,0.512002,0
1989,Block,0,0,0,0,0,0,0.348655,0
1990,Shell,0,0,0,0,0,0,0.359744,0
1991,Weighted,0,0,0,0,0,0,0.328602,0
1992,Fresh,0,0,0,0,0,0,0.332924,0
1993,Explore,0,0,0,0,0,0,0.332161,0
1994,Refine,0,0,0,0,0,0,0.531104,0
1995,Block,0,0,0,0,0,0,0.349664,0
1996,Shell,0,0,0,0,0,0,0.368384,0
1997,Weighted,0,0,0,0,0,0,0.342581,0
1998,Fresh,0,0,0,0,0,0,0.342758,0
1999,Explore,0,0,0,0,0,0,0.331559,0
2000,Refine,0,0,0,0,0,0,0.568044,0
2001,Block,0,0,0,0,0,0,0.379635,0
2002,Shell,0,0,0,0,0,0,0.376089,0
2003,Weighted,0,0,0,0,0,0,0.32389,0
2004,Fresh,0,0,0,0,0,0,0.310522,0
2005,Explore,0,0,0,0,0,0,0.338976,0
2006,Refine,0,0,0,0,0,0,0.528864,0
2007,Block,0,0,0,0,0,0,0.347392,0
2008,Shell,0,0,0,0,0,0,0.344698,0
2009,Weighted,0,0,0,0,0,0,0.340576,0
2010,Fresh,0,0,0,0,0,0,0.321091,0
2011,Explore,0,0,0,0,0,0,0.338931,0
2012,Refine,0,0,0,0,0,0,0.525298,0
2013,Block,0,0,0,0,0,0,0.34346,0
2014,Shell,0,0,0,0,0,0,0.346975,0
2015,Weighted,0,0,0,0,0,0,0.327064,0
2016,Fresh,0,0,0,0,0,0,0.334526,0
2017,Explore,0,0,0,0,0,0,0.323739,0
2018,Refine,0,0,0,0,0,0,0.52648,0
2019,Block,0,0,0,0,0,0,0.374038,0
2020,Shell,0,0,0,0,0,0,0.348062,0
2021,Weighted,0,0,0,0,0,0,0.31414,0
2022,Fresh,0,0,0,0,0,0,0.343214,0
2023,Explore,0,0,0,0,0,0,0.332508,0
2024,Refine,0,0,0,0,0,0,0.520948,0
2025,Block,0,0,0,0,0,0,0.364393,0
2026,Shell,0,0,0,0,0,0,0.376126,0
2027,Weighted,0,0,0,0,0,0,0.313922,0
2028,Fresh,0,0,0,0,0,0,0.37194,0
2029,Explore,0,0,0,0,0,0,0.311337,0
2030,Refine,0,0,0,0,0,0,0.522603,0
2031,Block,0,0,0,0,0,0,0.344526,0
2032,Shell,0,0,0,0,0,0,0.341774,0
2033,Weighted,0,0,0,0,0,0,0.325646,0
2034,Fresh,0,0,0,0,0,0,0.340416,0
2035,Explore,0,0,0,0,0,0,0.312411,0
2036,Refine,0,0,0,0,0,0,0.479398,0
2037,Block,0,0,0,0,0,0,0.346295,0
2038,Shell,0,0,0,0,0,0,0.345317,0
2039,Weighted,0,0,0,0,0,0,0.334064,0
2040,Fresh,0,0,0,0,0,0,0.320392,0
2041,Explore,0,0,0,0,0,0,0.322602,0
2042,Refine,0,0,0,0,0,0,0.515015,0
2043,Block,0,0,0,0,0,0,0.341875,0
2044,Shell,0,0,0,0,0,0,0.341317,0
2045,Weighted,0,0,0,0,0,0,0.349493,0
2046,Fresh,0,0,0,0,0,0,0.340514,0
2047,Explore,0,0,0,0,0,0,0.318359,0
2048,Refine,0,0,0,0,0,0,0.540366,0
2049,Block,0,0,0,0,0,0,0.344208,0
2050,Shell,0,0,0,0,0,0,0.371827,0
2051,Weighted,0,0,0,0,0,0,0.319882,0
2052,Fresh,0,0,0,0,0,0,0.333142,0
2053,Explore,0,0,0,0,0,0,0.33267,0
2054,Refine,0,0,0,0,0,0,0.497786,0
2055,Block,0,0,0,0,0,0,0.345664,0
2056,Shell,0,0,0,0,0,0,0.353354,0
2057,Weighted,0,0,0,0,0,0,0.345457,0
2058,Fresh,0,0,0,0,0,0,0.335432,0
2059,Explore,0,0,0,0,0,0,0.34255,0
2060,Refine,0,0,0,0,0,0,0.501947,0
2061,Block,0,0,0,0,0,0,0.34697,0
2062,Shell,0,0,0,0,0,0,0.341726,0
2063,Weighted,0,0,0,0,0,0,0.332597,0
2064,Fresh,0,0,0,0,0,0,0.346125,0
2065,Explore,0,0,0,0,0,0,0.324031,0
2066,Refine,0,0,0,0,0,0,0.509387,0
2067,Block,0,0,0,0,0,0,0.370221,0
2068,Shell,0,0,0,0,0,0,0.3471,0
2069,Weighted,0,0,0,0,0,0,0.332347,0
2070,Fresh,0,0,0,0,0,0,0.324705,0
2071,Explore,0,0,0,0,0,0,0.346321,0
2072,Refine,0,0,0,0,0,0,0.486978,0
2073,Block,0,0,0,0,0,0,0.342961,0
2074,Shell,0,0,0,0,0,0,0.344373,0
2075,Weighted,0,0,0,0,0,0,0.311286,0
2076,Fresh,0,0,0,0,0,0,0.319391,0
2077,Explore,0,0,0,0,0,0,0.348882,0
2078,Refine,0,0,0,0,0,0,0.503805,0
2079,Block,0,0,0,0,0,0,0.343318,0
2080,Shell,0,0,0,0,0,0,0.346593,0
2081,Weighted,0,0,0,0,0,0,0.350826,0
2082,Fresh,0,0,0,0,0,0,0.344398,0
2083,Explore,0,0,0,0,0,0,0.366241,0
2084,Refine,0,0,0,0,0,0,0.518739,0
2085,Block,0,0,0,0,0,0,0.342818,0
2086,Shell,0,0,0,0,0,0,0.34478,0
2087,Weighted,0,0,0,0,0,0,0.339526,0
2088,Fresh,0,0,0,0,0,0,0.343371,0
2089,Explore,0,0,0,0,0,0,0.352002,0
2090,Refine,0,0,0,0,0,0,0.496484,0
2091,Block,0,0,0,0,0,0,0.374498,0
