cycle,run_id,timestamp,status,randomfill_status,validate_status,web_validate_status,promote_status,audit_status,elapsed_seconds,db_bytes,notes
1,run_20260424_055459_000001,2026-04-24 05:54:59,PASS,0,0,0,0,0,9,212992,ok
2,run_20260424_055509_000002,2026-04-24 05:55:09,PASS,0,0,0,0,0,0,212992,ok
3,run_20260424_055510_000003,2026-04-24 05:55:10,PASS,0,0,0,0,0,0,212992,ok
4,run_20260424_055511_000004,2026-04-24 05:55:11,PASS,0,0,0,0,0,0,212992,ok
5,run_20260424_055512_000005,2026-04-24 05:55:12,PASS,0,0,0,0,0,0,212992,ok
6,run_20260424_055513_000006,2026-04-24 05:55:13,PASS,0,0,0,0,0,0,217088,ok
7,run_20260424_055514_000007,2026-04-24 05:55:14,PASS,0,0,0,0,0,0,217088,ok
8,run_20260424_055515_000008,2026-04-24 05:55:15,PASS,0,0,0,0,0,0,217088,ok
9,run_20260424_055517_000009,2026-04-24 05:55:17,PASS,0,0,0,0,0,0,217088,ok
10,run_20260424_055518_000010,2026-04-24 05:55:18,PASS,0,0,0,0,0,0,217088,ok
11,run_20260424_055519_000011,2026-04-24 05:55:19,PASS,0,0,0,0,0,0,217088,ok
12,run_20260424_055520_000012,2026-04-24 05:55:20,PASS,0,0,0,0,0,0,217088,ok
13,run_20260424_055521_000013,2026-04-24 05:55:21,PASS,0,0,0,0,0,0,217088,ok
14,run_20260424_055522_000014,2026-04-24 05:55:22,PASS,0,0,0,0,0,0,217088,ok
15,run_20260424_055523_000015,2026-04-24 05:55:23,PASS,0,0,0,0,0,0,217088,ok
16,run_20260424_055524_000016,2026-04-24 05:55:24,PASS,0,0,0,0,0,0,217088,ok
17,run_20260424_055525_000017,2026-04-24 05:55:25,PASS,0,0,0,0,0,0,217088,ok
18,run_20260424_055527_000018,2026-04-24 05:55:27,PASS,0,0,0,0,0,0,221184,ok
19,run_20260424_055528_000019,2026-04-24 05:55:28,PASS,0,0,0,0,0,0,221184,ok
20,run_20260424_055529_000020,2026-04-24 05:55:29,PASS,0,0,0,0,0,0,221184,ok
21,run_20260424_055530_000021,2026-04-24 05:55:30,PASS,0,0,0,0,0,0,221184,ok
22,run_20260424_055531_000022,2026-04-24 05:55:31,PASS,0,0,0,0,0,0,221184,ok
23,run_20260424_055532_000023,2026-04-24 05:55:32,PASS,0,0,0,0,0,0,221184,ok
24,run_20260424_055533_000024,2026-04-24 05:55:33,PASS,0,0,0,0,0,0,221184,ok
25,run_20260424_055534_000025,2026-04-24 05:55:34,PASS,0,0,0,0,0,0,221184,ok
26,run_20260424_055535_000026,2026-04-24 05:55:35,PASS,0,0,0,0,0,0,221184,ok
27,run_20260424_055537_000027,2026-04-24 05:55:37,PASS,0,0,0,0,0,0,221184,ok
28,run_20260424_055538_000028,2026-04-24 05:55:38,PASS,0,0,0,0,0,0,221184,ok
29,run_20260424_055539_000029,2026-04-24 05:55:39,PASS,0,0,0,0,0,0,221184,ok
30,run_20260424_055540_000030,2026-04-24 05:55:40,PASS,0,0,0,0,0,0,225280,ok
31,run_20260424_055541_000031,2026-04-24 05:55:41,PASS,0,0,0,0,0,0,233472,ok
32,run_20260424_055542_000032,2026-04-24 05:55:42,PASS,0,0,0,0,0,0,233472,ok
33,run_20260424_055543_000033,2026-04-24 05:55:43,PASS,0,0,0,0,0,0,233472,ok
34,run_20260424_055544_000034,2026-04-24 05:55:44,PASS,0,0,0,0,0,0,233472,ok
35,run_20260424_055545_000035,2026-04-24 05:55:45,PASS,0,0,0,0,0,0,233472,ok
36,run_20260424_055547_000036,2026-04-24 05:55:47,PASS,0,0,0,0,0,0,233472,ok
37,run_20260424_055548_000037,2026-04-24 05:55:48,PASS,0,0,0,0,0,0,233472,ok
38,run_20260424_055549_000038,2026-04-24 05:55:49,PASS,0,0,0,0,0,0,233472,ok
39,run_20260424_055550_000039,2026-04-24 05:55:50,PASS,0,0,0,0,0,0,233472,ok
40,run_20260424_055551_000040,2026-04-24 05:55:51,PASS,0,0,0,0,0,0,233472,ok
41,run_20260424_055552_000041,2026-04-24 05:55:52,PASS,0,0,0,0,0,0,233472,ok
42,run_20260424_055553_000042,2026-04-24 05:55:53,PASS,0,0,0,0,0,0,237568,ok
43,run_20260424_055554_000043,2026-04-24 05:55:54,PASS,0,0,0,0,0,0,237568,ok
44,run_20260424_055555_000044,2026-04-24 05:55:55,PASS,0,0,0,0,0,0,237568,ok
45,run_20260424_055557_000045,2026-04-24 05:55:57,PASS,0,0,0,0,0,0,237568,ok
46,run_20260424_055558_000046,2026-04-24 05:55:58,PASS,0,0,0,0,0,0,237568,ok
47,run_20260424_055559_000047,2026-04-24 05:55:59,PASS,0,0,0,0,0,0,237568,ok
48,run_20260424_055600_000048,2026-04-24 05:56:00,PASS,0,0,0,0,0,0,237568,ok
49,run_20260424_055601_000049,2026-04-24 05:56:01,PASS,0,0,0,0,0,0,237568,ok
50,run_20260424_055602_000050,2026-04-24 05:56:02,PASS,0,0,0,0,0,0,237568,ok
51,run_20260424_055603_000051,2026-04-24 05:56:03,PASS,0,0,0,0,0,0,237568,ok
52,run_20260424_055604_000052,2026-04-24 05:56:04,PASS,0,0,0,0,0,0,237568,ok
53,run_20260424_055605_000053,2026-04-24 05:56:05,PASS,0,0,0,0,0,0,241664,ok
54,run_20260424_055607_000054,2026-04-24 05:56:07,PASS,0,0,0,0,0,0,241664,ok
55,run_20260424_055608_000055,2026-04-24 05:56:08,PASS,0,0,0,0,0,0,241664,ok
56,run_20260424_055609_000056,2026-04-24 05:56:09,PASS,0,0,0,0,0,0,241664,ok
57,run_20260424_055610_000057,2026-04-24 05:56:10,PASS,0,0,0,0,0,0,241664,ok
58,run_20260424_055611_000058,2026-04-24 05:56:11,PASS,0,0,0,0,0,0,241664,ok
59,run_20260424_055612_000059,2026-04-24 05:56:12,PASS,0,0,0,0,0,0,241664,ok
60,run_20260424_055613_000060,2026-04-24 05:56:13,PASS,0,0,0,0,0,0,241664,ok
61,run_20260424_055614_000061,2026-04-24 05:56:14,PASS,0,0,0,0,0,0,241664,ok
62,run_20260424_055615_000062,2026-04-24 05:56:15,PASS,0,0,0,0,0,0,241664,ok
63,run_20260424_055617_000063,2026-04-24 05:56:17,PASS,0,0,0,0,0,0,241664,ok
64,run_20260424_055618_000064,2026-04-24 05:56:18,PASS,0,0,0,0,0,0,241664,ok
65,run_20260424_055619_000065,2026-04-24 05:56:19,PASS,0,0,0,0,0,0,245760,ok
66,run_20260424_055620_000066,2026-04-24 05:56:20,PASS,0,0,0,0,0,0,245760,ok
67,run_20260424_055621_000067,2026-04-24 05:56:21,PASS,0,0,0,0,0,0,245760,ok
68,run_20260424_055622_000068,2026-04-24 05:56:22,PASS,0,0,0,0,0,0,245760,ok
69,run_20260424_055623_000069,2026-04-24 05:56:23,PASS,0,0,0,0,0,0,245760,ok
70,run_20260424_055624_000070,2026-04-24 05:56:24,PASS,0,0,0,0,0,0,245760,ok
71,run_20260424_055625_000071,2026-04-24 05:56:25,PASS,0,0,0,0,0,0,245760,ok
72,run_20260424_055627_000072,2026-04-24 05:56:27,PASS,0,0,0,0,0,0,245760,ok
73,run_20260424_055628_000073,2026-04-24 05:56:28,PASS,0,0,0,0,0,0,245760,ok
74,run_20260424_055629_000074,2026-04-24 05:56:29,PASS,0,0,0,0,0,0,245760,ok
75,run_20260424_055630_000075,2026-04-24 05:56:30,PASS,0,0,0,0,0,0,245760,ok
76,run_20260424_055631_000076,2026-04-24 05:56:31,PASS,0,0,0,0,0,0,245760,ok
77,run_20260424_055632_000077,2026-04-24 05:56:32,PASS,0,0,0,0,0,0,258048,ok
78,run_20260424_055633_000078,2026-04-24 05:56:33,PASS,0,0,0,0,0,0,258048,ok
79,run_20260424_055634_000079,2026-04-24 05:56:34,PASS,0,0,0,0,0,0,262144,ok
80,run_20260424_055635_000080,2026-04-24 05:56:35,PASS,0,0,0,0,0,0,262144,ok
81,run_20260424_055637_000081,2026-04-24 05:56:37,PASS,0,0,0,0,0,0,262144,ok
82,run_20260424_055638_000082,2026-04-24 05:56:38,PASS,0,0,0,0,0,0,262144,ok
83,run_20260424_055639_000083,2026-04-24 05:56:39,PASS,0,0,0,0,0,0,262144,ok
84,run_20260424_055640_000084,2026-04-24 05:56:40,PASS,0,0,0,0,0,0,262144,ok
85,run_20260424_055641_000085,2026-04-24 05:56:41,PASS,0,0,0,0,0,0,262144,ok
86,run_20260424_055642_000086,2026-04-24 05:56:42,PASS,0,0,0,0,0,0,262144,ok
1,run_20260425_010131_000001,2026-04-25 01:01:31,PASS,0,0,0,0,0,0,0,0,0,0,0,0,13332480,ok
2,run_20260425_010136_000002,2026-04-25 01:01:36,PASS,0,0,0,0,0,0,0,0,0,0,0,0,13332480,ok
3,run_20260425_010142_000003,2026-04-25 01:01:42,PASS,0,0,0,0,0,0,0,0,0,0,0,0,13332480,ok
4,run_20260425_010147_000004,2026-04-25 01:01:47,PASS,0,0,0,0,0,0,0,0,0,0,0,0,13332480,ok
5,run_20260425_010153_000005,2026-04-25 01:01:53,PASS,0,0,0,0,0,0,0,0,0,0,0,0,13336576,ok
6,run_20260425_010158_000006,2026-04-25 01:01:58,PASS,0,0,0,0,0,0,0,0,0,0,0,0,13336576,ok
7,run_20260425_010204_000007,2026-04-25 01:02:04,PASS,0,0,0,0,0,0,0,0,0,0,0,0,13336576,ok
8,run_20260425_010209_000008,2026-04-25 01:02:09,PASS,0,0,0,0,0,0,0,0,0,0,0,0,13336576,ok
9,run_20260425_010215_000009,2026-04-25 01:02:15,PASS,0,0,0,0,0,0,0,0,0,0,0,0,13336576,ok
10,run_20260425_010220_000010,2026-04-25 01:02:20,PASS,0,0,0,0,0,0,0,0,0,0,0,0,13336576,ok
11,run_20260425_010226_000011,2026-04-25 01:02:26,PASS,0,0,0,0,0,0,0,0,0,0,0,0,13336576,ok
12,run_20260425_010231_000012,2026-04-25 01:02:31,PASS,0,0,0,0,0,0,0,0,0,0,0,0,13336576,ok
13,run_20260425_010237_000013,2026-04-25 01:02:37,PASS,0,0,0,0,0,0,0,0,0,0,0,0,13336576,ok
14,run_20260425_010242_000014,2026-04-25 01:02:42,PASS,0,0,0,0,0,0,0,0,0,0,0,0,13336576,ok
15,run_20260425_010248_000015,2026-04-25 01:02:48,PASS,0,0,0,0,0,0,0,0,0,0,0,0,13336576,ok
16,run_20260425_010253_000016,2026-04-25 01:02:53,PASS,0,0,0,0,0,0,0,0,0,0,0,0,13336576,ok
17,run_20260425_010259_000017,2026-04-25 01:02:59,PASS,0,0,0,0,0,0,0,0,0,0,0,0,13340672,ok
18,run_20260425_010304_000018,2026-04-25 01:03:04,PASS,0,0,0,0,0,0,0,0,0,0,0,0,13340672,ok
19,run_20260425_010310_000019,2026-04-25 01:03:10,PASS,0,0,0,0,0,0,0,0,0,0,0,0,13340672,ok
20,run_20260425_010315_000020,2026-04-25 01:03:15,PASS,0,0,0,0,0,0,0,0,0,0,0,0,13340672,ok
21,run_20260425_010320_000021,2026-04-25 01:03:20,PASS,0,0,0,0,0,0,0,0,0,0,0,0,13340672,ok
22,run_20260425_010326_000022,2026-04-25 01:03:26,PASS,0,0,0,0,0,0,0,0,0,0,0,0,13340672,ok
23,run_20260425_010331_000023,2026-04-25 01:03:31,PASS,0,0,0,0,0,0,0,0,0,0,0,0,13340672,ok
24,run_20260425_010337_000024,2026-04-25 01:03:37,PASS,0,0,0,0,0,0,0,0,0,0,0,0,13344768,ok
25,run_20260425_010342_000025,2026-04-25 01:03:42,PASS,0,0,0,0,0,0,0,0,0,0,0,0,13344768,ok
26,run_20260425_010348_000026,2026-04-25 01:03:48,PASS,0,0,0,0,0,0,0,0,0,0,0,0,13344768,ok
27,run_20260425_010353_000027,2026-04-25 01:03:53,PASS,0,0,0,0,0,0,0,0,0,0,0,0,13344768,ok
28,run_20260425_010359_000028,2026-04-25 01:03:59,PASS,0,0,0,0,0,0,0,0,0,0,0,0,13348864,ok
29,run_20260425_010404_000029,2026-04-25 01:04:04,PASS,0,0,0,0,0,0,0,0,0,0,0,0,13348864,ok
30,run_20260425_010410_000030,2026-04-25 01:04:10,PASS,0,0,0,0,0,0,0,0,0,0,0,0,13348864,ok
31,run_20260425_010415_000031,2026-04-25 01:04:15,PASS,0,0,0,0,0,0,0,0,0,0,0,0,13348864,ok
32,run_20260425_010421_000032,2026-04-25 01:04:21,PASS,0,0,0,0,0,0,0,0,0,0,0,0,13348864,ok
33,run_20260425_010426_000033,2026-04-25 01:04:26,PASS,0,0,0,0,0,0,0,0,0,0,0,0,13348864,ok
34,run_20260425_010432_000034,2026-04-25 01:04:32,PASS,0,0,0,0,0,0,0,0,0,0,0,0,13348864,ok
35,run_20260425_010437_000035,2026-04-25 01:04:37,PASS,0,0,0,0,0,0,0,0,0,0,0,0,13348864,ok
36,run_20260425_010443_000036,2026-04-25 01:04:43,PASS,0,0,0,0,0,0,0,0,0,0,0,0,13348864,ok
37,run_20260425_010448_000037,2026-04-25 01:04:48,PASS,0,0,0,0,0,0,0,0,0,0,0,0,13348864,ok
38,run_20260425_010454_000038,2026-04-25 01:04:54,PASS,0,0,0,0,0,0,0,0,0,0,0,0,13348864,ok
39,run_20260425_010459_000039,2026-04-25 01:04:59,PASS,0,0,0,0,0,0,0,0,0,0,0,0,13348864,ok
40,run_20260425_010505_000040,2026-04-25 01:05:05,PASS,0,0,0,0,0,0,0,0,0,0,0,0,13352960,ok
41,run_20260425_010510_000041,2026-04-25 01:05:10,PASS,0,0,0,0,0,0,0,0,0,0,0,0,13352960,ok
42,run_20260425_010516_000042,2026-04-25 01:05:16,PASS,0,0,0,0,0,0,0,0,0,0,0,0,13352960,ok
43,run_20260425_010521_000043,2026-04-25 01:05:21,PASS,0,0,0,0,0,0,0,0,0,0,0,0,13352960,ok
44,run_20260425_010527_000044,2026-04-25 01:05:27,PASS,0,0,0,0,0,0,0,0,0,0,0,0,13352960,ok
45,run_20260425_010532_000045,2026-04-25 01:05:32,PASS,0,0,0,0,0,0,0,0,0,0,0,0,13352960,ok
46,run_20260425_010538_000046,2026-04-25 01:05:38,PASS,0,0,0,0,0,0,0,0,0,0,0,0,13352960,ok
47,run_20260425_010543_000047,2026-04-25 01:05:43,PASS,0,0,0,0,0,0,0,0,0,0,0,0,13352960,ok
48,run_20260425_010549_000048,2026-04-25 01:05:49,PASS,0,0,0,0,0,0,0,0,0,0,0,0,13352960,ok
49,run_20260425_010554_000049,2026-04-25 01:05:54,PASS,0,0,0,0,0,0,0,0,0,0,0,0,13352960,ok
50,run_20260425_010600_000050,2026-04-25 01:06:00,PASS,0,0,0,0,0,0,0,0,0,0,0,0,13352960,ok
51,run_20260425_010605_000051,2026-04-25 01:06:05,PASS,0,0,0,0,0,0,0,0,0,0,0,0,13352960,ok
52,run_20260425_010611_000052,2026-04-25 01:06:11,PASS,0,0,0,0,0,0,0,0,0,0,0,0,13357056,ok
53,run_20260425_010616_000053,2026-04-25 01:06:16,PASS,0,0,0,0,0,0,0,0,0,0,0,0,13357056,ok
54,run_20260425_010622_000054,2026-04-25 01:06:22,PASS,0,0,0,0,0,0,0,0,0,0,0,0,13357056,ok
55,run_20260425_010627_000055,2026-04-25 01:06:27,PASS,0,0,0,0,0,0,0,0,0,0,0,0,13357056,ok
56,run_20260425_010633_000056,2026-04-25 01:06:33,PASS,0,0,0,0,0,0,0,0,0,0,0,0,13357056,ok
57,run_20260425_010638_000057,2026-04-25 01:06:38,PASS,0,0,0,0,0,0,0,0,0,0,0,0,13357056,ok
58,run_20260425_010644_000058,2026-04-25 01:06:44,PASS,0,0,0,0,0,0,0,0,0,0,0,0,13357056,ok
59,run_20260425_010649_000059,2026-04-25 01:06:49,PASS,0,0,0,0,0,0,0,0,0,0,0,0,13357056,ok
60,run_20260425_010655_000060,2026-04-25 01:06:55,PASS,0,0,0,0,0,0,0,0,0,0,0,0,13357056,ok
61,run_20260425_010700_000061,2026-04-25 01:07:00,PASS,0,0,0,0,0,0,0,0,0,0,0,0,13357056,ok
62,run_20260425_010706_000062,2026-04-25 01:07:06,PASS,0,0,0,0,0,0,0,0,0,0,0,0,13357056,ok
63,run_20260425_010711_000063,2026-04-25 01:07:11,PASS,0,0,0,0,0,0,0,0,0,0,0,1,13357056,ok
64,run_20260425_010717_000064,2026-04-25 01:07:17,PASS,0,0,0,0,0,0,0,0,0,0,0,0,13361152,ok
65,run_20260425_010722_000065,2026-04-25 01:07:22,PASS,0,0,0,0,0,0,0,0,0,0,0,0,13361152,ok
66,run_20260425_010728_000066,2026-04-25 01:07:28,PASS,0,0,0,0,0,0,0,0,0,0,0,0,13361152,ok
67,run_20260425_010733_000067,2026-04-25 01:07:33,PASS,0,0,0,0,0,0,0,0,0,0,0,0,13365248,ok
68,run_20260425_010739_000068,2026-04-25 01:07:39,PASS,0,0,0,0,0,0,0,0,0,0,0,0,13365248,ok
69,run_20260425_010744_000069,2026-04-25 01:07:44,PASS,0,0,0,0,0,0,0,0,0,0,0,0,13365248,ok
70,run_20260425_010750_000070,2026-04-25 01:07:50,PASS,0,0,0,0,0,0,0,0,0,0,0,0,13365248,ok
71,run_20260425_010755_000071,2026-04-25 01:07:55,PASS,0,0,0,0,0,0,0,0,0,0,0,0,13369344,ok
72,run_20260425_010800_000072,2026-04-25 01:08:00,PASS,0,0,0,0,0,0,0,0,0,0,0,0,13369344,ok
73,run_20260425_010806_000073,2026-04-25 01:08:06,PASS,0,0,0,0,0,0,0,0,0,0,0,0,13369344,ok
74,run_20260425_010811_000074,2026-04-25 01:08:11,PASS,0,0,0,0,0,0,0,0,0,0,0,0,13369344,ok
75,run_20260425_010817_000075,2026-04-25 01:08:17,PASS,0,0,0,0,0,0,0,0,0,0,0,0,13369344,ok
76,run_20260425_010822_000076,2026-04-25 01:08:22,PASS,0,0,0,0,0,0,0,0,0,0,0,0,13373440,ok
77,run_20260425_010828_000077,2026-04-25 01:08:28,PASS,0,0,0,0,0,0,0,0,0,0,0,0,13373440,ok
78,run_20260425_010833_000078,2026-04-25 01:08:33,PASS,0,0,0,0,0,0,0,0,0,0,0,0,13373440,ok
79,run_20260425_010839_000079,2026-04-25 01:08:39,PASS,0,0,0,0,0,0,0,0,0,0,0,0,13373440,ok
80,run_20260425_010844_000080,2026-04-25 01:08:44,PASS,0,0,0,0,0,0,0,0,0,0,0,0,13373440,ok
81,run_20260425_010850_000081,2026-04-25 01:08:50,PASS,0,0,0,0,0,0,0,0,0,0,0,0,13373440,ok
82,run_20260425_010855_000082,2026-04-25 01:08:55,PASS,0,0,0,0,0,0,0,0,0,0,0,0,13373440,ok
83,run_20260425_010901_000083,2026-04-25 01:09:01,PASS,0,0,0,0,0,0,0,0,0,0,0,0,13373440,ok
84,run_20260425_010906_000084,2026-04-25 01:09:06,PASS,0,0,0,0,0,0,0,0,0,0,0,0,13373440,ok
85,run_20260425_010912_000085,2026-04-25 01:09:12,PASS,0,0,0,0,0,0,0,0,0,0,0,0,13373440,ok
86,run_20260425_010917_000086,2026-04-25 01:09:17,PASS,0,0,0,0,0,0,0,0,0,0,0,0,13373440,ok
87,run_20260425_010923_000087,2026-04-25 01:09:23,PASS,0,0,0,0,0,0,0,0,0,0,0,0,13377536,ok
88,run_20260425_010928_000088,2026-04-25 01:09:28,PASS,0,0,0,0,0,0,0,0,0,0,0,0,13377536,ok
89,run_20260425_010934_000089,2026-04-25 01:09:34,PASS,0,0,0,0,0,0,0,0,0,0,0,0,13377536,ok
90,run_20260425_010939_000090,2026-04-25 01:09:39,PASS,0,0,0,0,0,0,0,0,0,0,0,0,13377536,ok
91,run_20260425_010945_000091,2026-04-25 01:09:45,PASS,0,0,0,0,0,0,0,0,0,0,0,0,13377536,ok
92,run_20260425_010950_000092,2026-04-25 01:09:50,PASS,0,0,0,0,0,0,0,0,0,0,0,0,13377536,ok
93,run_20260425_010956_000093,2026-04-25 01:09:56,PASS,0,0,0,0,0,0,0,0,0,0,0,0,13377536,ok
94,run_20260425_011001_000094,2026-04-25 01:10:01,PASS,0,0,0,0,0,0,0,0,0,0,0,0,13377536,ok
95,run_20260425_011006_000095,2026-04-25 01:10:06,PASS,0,0,0,0,0,0,0,0,0,0,0,0,13377536,ok
96,run_20260425_011012_000096,2026-04-25 01:10:12,PASS,0,0,0,0,0,0,0,0,0,0,0,0,13377536,ok
97,run_20260425_011017_000097,2026-04-25 01:10:17,PASS,0,0,0,0,0,0,0,0,0,0,0,0,13377536,ok
98,run_20260425_011022_000098,2026-04-25 01:10:22,PASS,0,0,0,0,0,0,0,0,0,0,0,0,13377536,ok
99,run_20260425_011028_000099,2026-04-25 01:10:28,PASS,0,0,0,0,0,0,0,0,0,0,0,0,13381632,ok
100,run_20260425_011033_000100,2026-04-25 01:10:33,PASS,0,0,0,0,0,0,0,0,0,0,0,0,13381632,ok
101,run_20260425_011039_000101,2026-04-25 01:10:39,PASS,0,0,0,0,0,0,0,0,0,0,0,0,13381632,ok
102,run_20260425_011044_000102,2026-04-25 01:10:44,PASS,0,0,0,0,0,0,0,0,0,0,0,0,13381632,ok
103,run_20260425_011050_000103,2026-04-25 01:10:50,PASS,0,0,0,0,0,0,0,0,0,0,0,0,13381632,ok
104,run_20260425_011055_000104,2026-04-25 01:10:55,PASS,0,0,0,0,0,0,0,0,0,0,0,0,13381632,ok
105,run_20260425_011100_000105,2026-04-25 01:11:00,PASS,0,0,0,0,0,0,0,0,0,0,0,0,13381632,ok
106,run_20260425_011106_000106,2026-04-25 01:11:06,PASS,0,0,0,0,0,0,0,0,0,0,0,0,13381632,ok
107,run_20260425_011111_000107,2026-04-25 01:11:11,PASS,0,0,0,0,0,0,0,0,0,0,0,0,13381632,ok
108,run_20260425_011117_000108,2026-04-25 01:11:17,PASS,0,0,0,0,0,0,0,0,0,0,0,0,13381632,ok
109,run_20260425_011122_000109,2026-04-25 01:11:22,PASS,0,0,0,0,0,0,0,0,0,0,0,0,13381632,ok
110,run_20260425_011127_000110,2026-04-25 01:11:27,PASS,0,0,0,0,0,0,0,0,0,0,0,0,13381632,ok
111,run_20260425_011133_000111,2026-04-25 01:11:33,PASS,0,0,0,0,0,0,0,0,0,0,0,0,13389824,ok
112,run_20260425_011138_000112,2026-04-25 01:11:38,PASS,0,0,0,0,0,0,0,0,0,0,0,0,13389824,ok
113,run_20260425_011144_000113,2026-04-25 01:11:44,PASS,0,0,0,0,0,0,0,0,0,0,0,0,13389824,ok
114,run_20260425_011149_000114,2026-04-25 01:11:49,PASS,0,0,0,0,0,0,0,0,0,0,0,0,13389824,ok
115,run_20260425_011155_000115,2026-04-25 01:11:55,PASS,0,0,0,0,0,0,0,0,0,0,0,0,13389824,ok
116,run_20260425_011200_000116,2026-04-25 01:12:00,PASS,0,0,0,0,0,0,0,0,0,0,0,0,13389824,ok
117,run_20260425_011206_000117,2026-04-25 01:12:06,PASS,0,0,0,0,0,0,0,0,0,0,0,0,13389824,ok
118,run_20260425_011211_000118,2026-04-25 01:12:11,PASS,0,0,0,0,0,0,0,0,0,0,0,0,13393920,ok
119,run_20260425_011216_000119,2026-04-25 01:12:16,PASS,0,0,0,0,0,0,0,0,0,0,0,0,13393920,ok
120,run_20260425_011222_000120,2026-04-25 01:12:22,PASS,0,0,0,0,0,0,0,0,0,0,0,0,13393920,ok
121,run_20260425_011227_000121,2026-04-25 01:12:27,PASS,0,0,0,0,0,0,0,0,0,0,0,0,13393920,ok
122,run_20260425_011233_000122,2026-04-25 01:12:33,PASS,0,0,0,0,0,0,0,0,0,0,0,0,13393920,ok
123,run_20260425_011238_000123,2026-04-25 01:12:38,PASS,0,0,0,0,0,0,0,0,0,0,0,0,13398016,ok
124,run_20260425_011243_000124,2026-04-25 01:12:43,PASS,0,0,0,0,0,0,0,0,0,0,0,0,13398016,ok
125,run_20260425_011249_000125,2026-04-25 01:12:49,PASS,0,0,0,0,0,0,0,0,0,0,0,0,13398016,ok
126,run_20260425_011254_000126,2026-04-25 01:12:54,PASS,0,0,0,0,0,0,0,0,0,0,0,0,13398016,ok
127,run_20260425_011259_000127,2026-04-25 01:12:59,PASS,0,0,0,0,0,0,0,0,0,0,0,0,13398016,ok
128,run_20260425_011305_000128,2026-04-25 01:13:05,PASS,0,0,0,0,0,0,0,0,0,0,0,0,13398016,ok
129,run_20260425_011310_000129,2026-04-25 01:13:10,PASS,0,0,0,0,0,0,0,0,0,0,0,0,13398016,ok
130,run_20260425_011316_000130,2026-04-25 01:13:16,PASS,0,0,0,0,0,0,0,0,0,0,0,0,13398016,ok
131,run_20260425_011321_000131,2026-04-25 01:13:21,PASS,0,0,0,0,0,0,0,0,0,0,0,0,13398016,ok
132,run_20260425_011327_000132,2026-04-25 01:13:27,PASS,0,0,0,0,0,0,0,0,0,0,0,0,13398016,ok
133,run_20260425_011332_000133,2026-04-25 01:13:32,PASS,0,0,0,0,0,0,0,0,0,0,0,0,13398016,ok
134,run_20260425_011338_000134,2026-04-25 01:13:38,PASS,0,0,0,0,0,0,0,0,0,0,0,0,13398016,ok
135,run_20260425_011343_000135,2026-04-25 01:13:43,PASS,0,0,0,0,0,0,0,0,0,0,0,0,13402112,ok
136,run_20260425_011349_000136,2026-04-25 01:13:49,PASS,0,0,0,0,0,0,0,0,0,0,0,0,13402112,ok
137,run_20260425_011354_000137,2026-04-25 01:13:54,PASS,0,0,0,0,0,0,0,0,0,0,0,0,13402112,ok
138,run_20260425_011400_000138,2026-04-25 01:14:00,PASS,0,0,0,0,0,0,0,0,0,0,0,0,13402112,ok
139,run_20260425_011405_000139,2026-04-25 01:14:05,PASS,0,0,0,0,0,0,0,0,0,0,0,0,13402112,ok
140,run_20260425_011411_000140,2026-04-25 01:14:11,PASS,0,0,0,0,0,0,0,0,0,0,0,0,13402112,ok
141,run_20260425_011416_000141,2026-04-25 01:14:16,PASS,0,0,0,0,0,0,0,0,0,0,0,0,13402112,ok
142,run_20260425_011422_000142,2026-04-25 01:14:22,PASS,0,0,0,0,0,0,0,0,0,0,0,0,13402112,ok
143,run_20260425_011427_000143,2026-04-25 01:14:27,PASS,0,0,0,0,0,0,0,0,0,0,0,0,13402112,ok
144,run_20260425_011433_000144,2026-04-25 01:14:33,PASS,0,0,0,0,0,0,0,0,0,0,0,0,13402112,ok
145,run_20260425_011438_000145,2026-04-25 01:14:38,PASS,0,0,0,0,0,0,0,0,0,0,0,0,13402112,ok
146,run_20260425_011444_000146,2026-04-25 01:14:44,PASS,0,0,0,0,0,0,0,0,0,0,0,0,13406208,ok
147,run_20260425_011449_000147,2026-04-25 01:14:49,PASS,0,0,0,0,0,0,0,0,0,0,0,0,13406208,ok
148,run_20260425_011455_000148,2026-04-25 01:14:55,PASS,0,0,0,0,0,0,0,0,0,0,0,0,13406208,ok
149,run_20260425_011500_000149,2026-04-25 01:15:00,PASS,0,0,0,0,0,0,0,0,0,0,0,0,13406208,ok
150,run_20260425_011505_000150,2026-04-25 01:15:05,PASS,0,0,0,0,0,0,0,0,0,0,0,0,13406208,ok
151,run_20260425_011511_000151,2026-04-25 01:15:11,PASS,0,0,0,0,0,0,0,0,0,0,0,0,13406208,ok
152,run_20260425_011516_000152,2026-04-25 01:15:16,PASS,0,0,0,0,0,0,0,0,0,0,0,0,13406208,ok
153,run_20260425_011522_000153,2026-04-25 01:15:22,PASS,0,0,0,0,0,0,0,0,0,0,0,0,13406208,ok
154,run_20260425_011527_000154,2026-04-25 01:15:27,PASS,0,0,0,0,0,0,0,0,0,0,0,0,13406208,ok
155,run_20260425_011533_000155,2026-04-25 01:15:33,PASS,0,0,0,0,0,0,0,0,0,0,0,0,13410304,ok
156,run_20260425_011538_000156,2026-04-25 01:15:38,PASS,0,0,0,0,0,0,0,0,0,0,0,0,13410304,ok
157,run_20260425_011544_000157,2026-04-25 01:15:44,PASS,0,0,0,0,0,0,0,0,0,0,0,0,13410304,ok
158,run_20260425_011549_000158,2026-04-25 01:15:49,PASS,0,0,0,0,0,0,0,0,0,0,0,0,13414400,ok
159,run_20260425_011555_000159,2026-04-25 01:15:55,PASS,0,0,0,0,0,0,0,0,0,0,0,0,13414400,ok
160,run_20260425_011600_000160,2026-04-25 01:16:00,PASS,0,0,0,0,0,0,0,0,0,0,0,0,13414400,ok
161,run_20260425_011606_000161,2026-04-25 01:16:06,PASS,0,0,0,0,0,0,0,0,0,0,0,0,13414400,ok
162,run_20260425_011611_000162,2026-04-25 01:16:11,PASS,0,0,0,0,0,0,0,0,0,0,0,0,13414400,ok
163,run_20260425_011617_000163,2026-04-25 01:16:17,PASS,0,0,0,0,0,0,0,0,0,0,0,0,13414400,ok
164,run_20260425_011622_000164,2026-04-25 01:16:22,PASS,0,0,0,0,0,0,0,0,0,0,0,0,13414400,ok
165,run_20260425_011628_000165,2026-04-25 01:16:28,PASS,0,0,0,0,0,0,0,0,0,0,0,0,13414400,ok
166,run_20260425_011633_000166,2026-04-25 01:16:33,PASS,0,0,0,0,0,0,0,0,0,0,0,0,13414400,ok
167,run_20260425_011639_000167,2026-04-25 01:16:39,PASS,0,0,0,0,0,0,0,0,0,0,0,0,13414400,ok
168,run_20260425_011644_000168,2026-04-25 01:16:44,PASS,0,0,0,0,0,0,0,0,0,0,0,0,13414400,ok
